INSERT INTO clientes (cpf, nome, data_nascimento, telefone, email, endereco) VALUES (72117550026, 'Ana Silva', '1977-11-02', '(91) 63794-0265', 'ana.silva@yahoo.com', 'Rua E221, Bairro Y');
INSERT INTO clientes (cpf, nome, data_nascimento, telefone, email, endereco) VALUES (868759358, 'Rafael Souza', '1992-06-11', '(41) 10341-3164', 'rafael.souza@outlook.com', 'Rua U855, Bairro L');
INSERT INTO clientes (cpf, nome, data_nascimento, telefone, email, endereco) VALUES (36760652429, 'Juliana Gomes', '1979-09-14', '(61) 03056-4139', 'juliana.gomes@yahoo.com', 'Rua G672, Bairro P');
INSERT INTO clientes (cpf, nome, data_nascimento, telefone, email, endereco) VALUES (11757453914, 'Luiz Moreira', '1964-03-23', '(21) 22691-6697', 'luiz.moreira@yahoo.com', 'Rua R882, Bairro A');
INSERT INTO clientes (cpf, nome, data_nascimento, telefone, email, endereco) VALUES (77321077975, 'Ana Barbosa', '1969-07-18', '(51) 89325-2880', 'ana.barbosa@yahoo.com', 'Rua P20, Bairro D');
INSERT INTO clientes (cpf, nome, data_nascimento, telefone, email, endereco) VALUES (22507895169, 'Gabriela Nascimento', '1974-10-24', '(51) 89638-3465', 'gabriela.nascimento@outlook.com', 'Rua Q463, Bairro D');
INSERT INTO clientes (cpf, nome, data_nascimento, telefone, email, endereco) VALUES (550700035, 'Beatriz Rodrigues', '1984-12-25', '(81) 38299-7376', 'beatriz.rodrigues@hotmail.com', 'Rua D100, Bairro V');
INSERT INTO clientes (cpf, nome, data_nascimento, telefone, email, endereco) VALUES (44769043821, 'Camila Gomes', '2000-03-31', '(31) 62473-1781', 'camila.gomes@gmail.com', 'Rua U554, Bairro A');
INSERT INTO clientes (cpf, nome, data_nascimento, telefone, email, endereco) VALUES (14240392744, 'Pedro Rodrigues', '2003-08-30', '(31) 34309-8050', 'pedro.rodrigues@gmail.com', 'Rua S489, Bairro Q');
INSERT INTO clientes (cpf, nome, data_nascimento, telefone, email, endereco) VALUES (5800849550, 'Ricardo Pereira', '1967-05-10', '(71) 99854-3534', 'ricardo.pereira@outlook.com', 'Rua E688, Bairro U');
INSERT INTO clientes (cpf, nome, data_nascimento, telefone, email, endereco) VALUES (37049902298, 'Fernanda Moreira', '1981-11-30', '(61) 42784-9808', 'fernanda.moreira@yahoo.com', 'Rua V107, Bairro E');
INSERT INTO clientes (cpf, nome, data_nascimento, telefone, email, endereco) VALUES (87122368529, 'Marcos Souza', '1964-07-22', '(21) 64005-2427', 'marcos.souza@outlook.com', 'Rua R10, Bairro D');
INSERT INTO clientes (cpf, nome, data_nascimento, telefone, email, endereco) VALUES (58511387882, 'Pedro Lima', '1982-05-21', '(21) 58692-3226', 'pedro.lima@gmail.com', 'Rua F755, Bairro K');
INSERT INTO clientes (cpf, nome, data_nascimento, telefone, email, endereco) VALUES (27188284372, 'Camila Rodrigues', '1962-02-14', '(41) 65414-5868', 'camila.rodrigues@yahoo.com', 'Rua A119, Bairro I');
INSERT INTO clientes (cpf, nome, data_nascimento, telefone, email, endereco) VALUES (92147365352, 'Juliana Cardoso', '1999-02-13', '(11) 88356-1595', 'juliana.cardoso@gmail.com', 'Rua X922, Bairro J');
INSERT INTO clientes (cpf, nome, data_nascimento, telefone, email, endereco) VALUES (63651637154, 'Ricardo Nascimento', '1960-01-14', '(51) 43699-5777', 'ricardo.nascimento@hotmail.com', 'Rua Q485, Bairro Z');
INSERT INTO clientes (cpf, nome, data_nascimento, telefone, email, endereco) VALUES (26609238109, 'Juliana Oliveira', '1966-07-14', '(81) 69367-6320', 'juliana.oliveira@gmail.com', 'Rua Y436, Bairro H');
INSERT INTO clientes (cpf, nome, data_nascimento, telefone, email, endereco) VALUES (45911455374, 'Juliana Ferreira', '2005-04-14', '(71) 87277-4348', 'juliana.ferreira@outlook.com', 'Rua U245, Bairro I');
INSERT INTO clientes (cpf, nome, data_nascimento, telefone, email, endereco) VALUES (72380131243, 'André Oliveira', '2001-10-19', '(71) 03669-0967', 'andré.oliveira@gmail.com', 'Rua L306, Bairro Y');
INSERT INTO clientes (cpf, nome, data_nascimento, telefone, email, endereco) VALUES (57784243677, 'Luiz Araújo', '2001-12-06', '(31) 98069-9016', 'luiz.araújo@hotmail.com', 'Rua O187, Bairro B');
INSERT INTO clientes (cpf, nome, data_nascimento, telefone, email, endereco) VALUES (34382948470, 'Marcos Martins', '1991-05-25', '(41) 10033-0923', 'marcos.martins@hotmail.com', 'Rua P686, Bairro D');
INSERT INTO clientes (cpf, nome, data_nascimento, telefone, email, endereco) VALUES (42369771359, 'Gustavo Costa', '1993-09-02', '(71) 31931-4919', 'gustavo.costa@gmail.com', 'Rua L546, Bairro N');
INSERT INTO clientes (cpf, nome, data_nascimento, telefone, email, endereco) VALUES (53881968747, 'Gabriela Oliveira', '1984-03-25', '(91) 77694-5314', 'gabriela.oliveira@outlook.com', 'Rua H769, Bairro O');
INSERT INTO clientes (cpf, nome, data_nascimento, telefone, email, endereco) VALUES (63434322585, 'Gustavo Mendes', '1977-02-20', '(21) 36783-7770', 'gustavo.mendes@gmail.com', 'Rua J227, Bairro M');
INSERT INTO clientes (cpf, nome, data_nascimento, telefone, email, endereco) VALUES (63539534327, 'Beatriz Nascimento', '1988-04-22', '(21) 82337-4989', 'beatriz.nascimento@yahoo.com', 'Rua D853, Bairro G');
INSERT INTO clientes (cpf, nome, data_nascimento, telefone, email, endereco) VALUES (33710029671, 'Fernanda Rodrigues', '1961-02-05', '(51) 77752-0471', 'fernanda.rodrigues@gmail.com', 'Rua M504, Bairro C');
INSERT INTO clientes (cpf, nome, data_nascimento, telefone, email, endereco) VALUES (18902545673, 'Gustavo Santos', '1999-09-20', '(51) 96499-0913', 'gustavo.santos@hotmail.com', 'Rua I677, Bairro C');
INSERT INTO clientes (cpf, nome, data_nascimento, telefone, email, endereco) VALUES (10045227746, 'Juliana Rodrigues', '1983-09-25', '(41) 61832-4210', 'juliana.rodrigues@hotmail.com', 'Rua Z315, Bairro T');
INSERT INTO clientes (cpf, nome, data_nascimento, telefone, email, endereco) VALUES (44342545876, 'Gustavo Nascimento', '1962-04-27', '(21) 39904-9027', 'gustavo.nascimento@outlook.com', 'Rua I186, Bairro S');
INSERT INTO clientes (cpf, nome, data_nascimento, telefone, email, endereco) VALUES (94431144647, 'Camila Ribeiro', '1963-04-17', '(81) 15451-6808', 'camila.ribeiro@outlook.com', 'Rua N56, Bairro G');
INSERT INTO clientes (cpf, nome, data_nascimento, telefone, email, endereco) VALUES (64402128406, 'Ricardo Gomes', '1981-06-20', '(31) 48086-1317', 'ricardo.gomes@gmail.com', 'Rua U853, Bairro E');
INSERT INTO clientes (cpf, nome, data_nascimento, telefone, email, endereco) VALUES (52892539588, 'Patrícia Nascimento', '1984-10-13', '(71) 58404-4997', 'patrícia.nascimento@hotmail.com', 'Rua O552, Bairro P');
INSERT INTO clientes (cpf, nome, data_nascimento, telefone, email, endereco) VALUES (55431652707, 'Gabriela Carvalho', '1994-03-15', '(71) 27028-9517', 'gabriela.carvalho@gmail.com', 'Rua Q933, Bairro O');
INSERT INTO clientes (cpf, nome, data_nascimento, telefone, email, endereco) VALUES (46149366888, 'João Lima', '1994-02-03', '(61) 78091-3431', 'joão.lima@outlook.com', 'Rua D779, Bairro U');
INSERT INTO clientes (cpf, nome, data_nascimento, telefone, email, endereco) VALUES (12030342461, 'Ana Moreira', '1975-09-15', '(21) 96937-9237', 'ana.moreira@yahoo.com', 'Rua O262, Bairro V');
INSERT INTO clientes (cpf, nome, data_nascimento, telefone, email, endereco) VALUES (96143564281, 'João Moreira', '1994-07-06', '(81) 13695-9440', 'joão.moreira@outlook.com', 'Rua I9, Bairro S');
INSERT INTO clientes (cpf, nome, data_nascimento, telefone, email, endereco) VALUES (78972821277, 'Maria Mendes', '1972-04-08', '(21) 04709-5214', 'maria.mendes@yahoo.com', 'Rua X426, Bairro F');
INSERT INTO clientes (cpf, nome, data_nascimento, telefone, email, endereco) VALUES (78352199928, 'Lucas Lima', '1970-05-01', '(81) 12368-5160', 'lucas.lima@yahoo.com', 'Rua R127, Bairro O');
INSERT INTO clientes (cpf, nome, data_nascimento, telefone, email, endereco) VALUES (58912085920, 'Gabriela Almeida', '2001-08-26', '(51) 61200-4711', 'gabriela.almeida@hotmail.com', 'Rua R139, Bairro M');
INSERT INTO clientes (cpf, nome, data_nascimento, telefone, email, endereco) VALUES (67947140449, 'André Gomes', '1962-12-08', '(61) 37735-1585', 'andré.gomes@gmail.com', 'Rua M283, Bairro G');
INSERT INTO clientes (cpf, nome, data_nascimento, telefone, email, endereco) VALUES (2690397285, 'Ana Moreira', '1979-05-17', '(41) 52904-2284', 'ana.moreira@hotmail.com', 'Rua D677, Bairro A');
INSERT INTO clientes (cpf, nome, data_nascimento, telefone, email, endereco) VALUES (37502141043, 'Carlos Silva', '1969-10-13', '(81) 83908-4700', 'carlos.silva@outlook.com', 'Rua M437, Bairro V');
INSERT INTO clientes (cpf, nome, data_nascimento, telefone, email, endereco) VALUES (74831165735, 'Ana Ribeiro', '1986-06-16', '(81) 89611-8367', 'ana.ribeiro@hotmail.com', 'Rua N348, Bairro O');
INSERT INTO clientes (cpf, nome, data_nascimento, telefone, email, endereco) VALUES (73329640047, 'Luiz Araújo', '1993-06-06', '(31) 80988-5165', 'luiz.araújo@outlook.com', 'Rua X53, Bairro J');
INSERT INTO clientes (cpf, nome, data_nascimento, telefone, email, endereco) VALUES (35262183758, 'Mariana Nascimento', '1962-05-10', '(51) 02445-5022', 'mariana.nascimento@outlook.com', 'Rua C146, Bairro X');
INSERT INTO clientes (cpf, nome, data_nascimento, telefone, email, endereco) VALUES (72433775001, 'João Oliveira', '1964-06-18', '(21) 47679-7643', 'joão.oliveira@gmail.com', 'Rua L441, Bairro D');
INSERT INTO clientes (cpf, nome, data_nascimento, telefone, email, endereco) VALUES (46035032123, 'Fernanda Cardoso', '1960-09-10', '(81) 62268-3885', 'fernanda.cardoso@gmail.com', 'Rua M883, Bairro X');
INSERT INTO clientes (cpf, nome, data_nascimento, telefone, email, endereco) VALUES (9855741038, 'Maria Araújo', '2001-04-11', '(61) 16136-9681', 'maria.araújo@outlook.com', 'Rua J764, Bairro K');
INSERT INTO clientes (cpf, nome, data_nascimento, telefone, email, endereco) VALUES (70651739611, 'Beatriz Carvalho', '1982-12-18', '(41) 29212-7799', 'beatriz.carvalho@outlook.com', 'Rua V947, Bairro S');
INSERT INTO clientes (cpf, nome, data_nascimento, telefone, email, endereco) VALUES (86104320534, 'Mariana Carvalho', '1965-02-07', '(61) 41199-8679', 'mariana.carvalho@gmail.com', 'Rua O931, Bairro Z');
INSERT INTO corretores (id_corretor, nome, registro, comissao, telefone) VALUES (1, 'Gustavo Costa', 'LRFCD6MZ', 12.57, '(31) 03778-8925');
INSERT INTO corretores (id_corretor, nome, registro, comissao, telefone) VALUES (2, 'Gabriela Nascimento', 'N1YBWMLU', 10.8, '(51) 92519-2546');
INSERT INTO corretores (id_corretor, nome, registro, comissao, telefone) VALUES (3, 'Carlos Mendes', 'ZDUXLEZ8', 19.96, '(91) 16850-5423');
INSERT INTO corretores (id_corretor, nome, registro, comissao, telefone) VALUES (4, 'Rafael Ribeiro', 'G9FK2ST0', 12.9, '(61) 92962-2292');
INSERT INTO corretores (id_corretor, nome, registro, comissao, telefone) VALUES (5, 'André Santos', 'OYIPK0QT', 9.64, '(81) 35977-4688');
INSERT INTO corretores (id_corretor, nome, registro, comissao, telefone) VALUES (6, 'Camila Pereira', '32EJX5TD', 17.69, '(21) 41247-8261');
INSERT INTO corretores (id_corretor, nome, registro, comissao, telefone) VALUES (7, 'Beatriz Moreira', '57OONNCI', 9.78, '(21) 52204-7277');
INSERT INTO corretores (id_corretor, nome, registro, comissao, telefone) VALUES (8, 'Mariana Silva', '6AHF7VP1', 8.56, '(21) 03697-1179');
INSERT INTO corretores (id_corretor, nome, registro, comissao, telefone) VALUES (9, 'Daniela Silva', 'WUZKAMUG', 15.02, '(91) 51888-8806');
INSERT INTO corretores (id_corretor, nome, registro, comissao, telefone) VALUES (10, 'Patrícia Santos', 'W9JA2M0W', 16.57, '(61) 20585-2772');
INSERT INTO veiculos (renavam, placa, marca, modelo, ano, cor, valor_mercado, cpf_cliente) VALUES (7420109595, 'GTE-3783', 'Toyota', 'Onix', 2013, 'Vermelho', 116630.0, 72117550026);
INSERT INTO veiculos (renavam, placa, marca, modelo, ano, cor, valor_mercado, cpf_cliente) VALUES (31637204491, 'HCI-2471', 'Honda', 'Onix', 2014, 'Preto', 114485.87, 868759358);
INSERT INTO veiculos (renavam, placa, marca, modelo, ano, cor, valor_mercado, cpf_cliente) VALUES (96467064571, 'AWR-4126', 'Fiat', 'Ka', 2018, 'Preto', 98662.33, 868759358);
INSERT INTO veiculos (renavam, placa, marca, modelo, ano, cor, valor_mercado, cpf_cliente) VALUES (43401332901, 'NXD-7726', 'Honda', 'Corolla', 2003, 'Branco', 130867.42, 36760652429);
INSERT INTO veiculos (renavam, placa, marca, modelo, ano, cor, valor_mercado, cpf_cliente) VALUES (48406833058, 'WSY-6751', 'Ford', 'Corolla', 2007, 'Vermelho', 23416.92, 36760652429);
INSERT INTO veiculos (renavam, placa, marca, modelo, ano, cor, valor_mercado, cpf_cliente) VALUES (53856039757, 'VBZ-6463', 'Chevrolet', 'Strada', 2005, 'Branco', 76240.38, 36760652429);
INSERT INTO veiculos (renavam, placa, marca, modelo, ano, cor, valor_mercado, cpf_cliente) VALUES (85319295201, 'YHQ-6065', 'Chevrolet', 'Corolla', 2005, 'Azul', 113682.26, 11757453914);
INSERT INTO veiculos (renavam, placa, marca, modelo, ano, cor, valor_mercado, cpf_cliente) VALUES (39080972256, 'AXO-6328', 'Honda', 'Onix', 2014, 'Preto', 109519.76, 77321077975);
INSERT INTO veiculos (renavam, placa, marca, modelo, ano, cor, valor_mercado, cpf_cliente) VALUES (14431839337, 'NCG-1410', 'Honda', 'Strada', 2013, 'Branco', 145149.16, 77321077975);
INSERT INTO veiculos (renavam, placa, marca, modelo, ano, cor, valor_mercado, cpf_cliente) VALUES (98971194840, 'KLG-5025', 'Honda', 'Onix', 2017, 'Preto', 130132.41, 77321077975);
INSERT INTO veiculos (renavam, placa, marca, modelo, ano, cor, valor_mercado, cpf_cliente) VALUES (12340053234, 'OVQ-6103', 'Fiat', 'Strada', 2011, 'Branco', 45877.52, 22507895169);
INSERT INTO veiculos (renavam, placa, marca, modelo, ano, cor, valor_mercado, cpf_cliente) VALUES (55013446536, 'EZT-2385', 'Chevrolet', 'Onix', 2015, 'Preto', 67886.52, 22507895169);
INSERT INTO veiculos (renavam, placa, marca, modelo, ano, cor, valor_mercado, cpf_cliente) VALUES (14388652695, 'FBM-5773', 'Ford', 'Civic', 2018, 'Preto', 44801.96, 550700035);
INSERT INTO veiculos (renavam, placa, marca, modelo, ano, cor, valor_mercado, cpf_cliente) VALUES (44425648775, 'OZM-3945', 'Chevrolet', 'Onix', 2021, 'Prata', 99309.96, 550700035);
INSERT INTO veiculos (renavam, placa, marca, modelo, ano, cor, valor_mercado, cpf_cliente) VALUES (12529222733, 'YUH-1639', 'Fiat', 'Corolla', 2009, 'Preto', 57391.94, 550700035);
INSERT INTO veiculos (renavam, placa, marca, modelo, ano, cor, valor_mercado, cpf_cliente) VALUES (9672825217, 'GBX-2213', 'Honda', 'Civic', 2021, 'Branco', 20673.59, 44769043821);
INSERT INTO veiculos (renavam, placa, marca, modelo, ano, cor, valor_mercado, cpf_cliente) VALUES (59498419369, 'CON-7991', 'Ford', 'Civic', 2012, 'Vermelho', 44220.51, 44769043821);
INSERT INTO veiculos (renavam, placa, marca, modelo, ano, cor, valor_mercado, cpf_cliente) VALUES (78202693465, 'XDN-2837', 'Fiat', 'Corolla', 2000, 'Prata', 122799.8, 44769043821);
INSERT INTO veiculos (renavam, placa, marca, modelo, ano, cor, valor_mercado, cpf_cliente) VALUES (61664434094, 'YAJ-4235', 'Chevrolet', 'Civic', 2008, 'Prata', 110059.92, 14240392744);
INSERT INTO veiculos (renavam, placa, marca, modelo, ano, cor, valor_mercado, cpf_cliente) VALUES (1345873192, 'PFD-1764', 'Chevrolet', 'Ka', 2024, 'Azul', 124259.35, 14240392744);
INSERT INTO veiculos (renavam, placa, marca, modelo, ano, cor, valor_mercado, cpf_cliente) VALUES (87657553918, 'XFN-1846', 'Chevrolet', 'Ka', 2002, 'Azul', 77912.75, 14240392744);
INSERT INTO veiculos (renavam, placa, marca, modelo, ano, cor, valor_mercado, cpf_cliente) VALUES (45404873875, 'BIB-9909', 'Toyota', 'Onix', 2013, 'Branco', 119966.37, 5800849550);
INSERT INTO veiculos (renavam, placa, marca, modelo, ano, cor, valor_mercado, cpf_cliente) VALUES (96493893665, 'QJE-5572', 'Toyota', 'Civic', 2009, 'Vermelho', 107554.98, 37049902298);
INSERT INTO veiculos (renavam, placa, marca, modelo, ano, cor, valor_mercado, cpf_cliente) VALUES (55823297184, 'TWA-2105', 'Toyota', 'Corolla', 2023, 'Preto', 72294.5, 37049902298);
INSERT INTO veiculos (renavam, placa, marca, modelo, ano, cor, valor_mercado, cpf_cliente) VALUES (22805287356, 'IHD-6230', 'Chevrolet', 'Corolla', 2020, 'Vermelho', 92260.59, 37049902298);
INSERT INTO veiculos (renavam, placa, marca, modelo, ano, cor, valor_mercado, cpf_cliente) VALUES (99673413748, 'HSU-9595', 'Ford', 'Ka', 2007, 'Prata', 46433.78, 87122368529);
INSERT INTO veiculos (renavam, placa, marca, modelo, ano, cor, valor_mercado, cpf_cliente) VALUES (4358036008, 'PRF-2939', 'Ford', 'Corolla', 2023, 'Preto', 117094.3, 58511387882);
INSERT INTO veiculos (renavam, placa, marca, modelo, ano, cor, valor_mercado, cpf_cliente) VALUES (79673232463, 'JWM-8773', 'Ford', 'Onix', 2010, 'Vermelho', 25943.01, 58511387882);
INSERT INTO veiculos (renavam, placa, marca, modelo, ano, cor, valor_mercado, cpf_cliente) VALUES (87055721252, 'OYI-7477', 'Honda', 'Corolla', 2023, 'Prata', 42004.54, 58511387882);
INSERT INTO veiculos (renavam, placa, marca, modelo, ano, cor, valor_mercado, cpf_cliente) VALUES (51899580800, 'DQB-1240', 'Chevrolet', 'Ka', 2021, 'Vermelho', 22045.13, 27188284372);
INSERT INTO veiculos (renavam, placa, marca, modelo, ano, cor, valor_mercado, cpf_cliente) VALUES (54075256491, 'XNG-6237', 'Toyota', 'Onix', 2012, 'Vermelho', 93450.28, 27188284372);
INSERT INTO veiculos (renavam, placa, marca, modelo, ano, cor, valor_mercado, cpf_cliente) VALUES (92686870350, 'AEM-4758', 'Toyota', 'Strada', 2001, 'Branco', 47484.22, 27188284372);
INSERT INTO veiculos (renavam, placa, marca, modelo, ano, cor, valor_mercado, cpf_cliente) VALUES (84009850939, 'PTS-3012', 'Honda', 'Strada', 2010, 'Vermelho', 118229.2, 92147365352);
INSERT INTO veiculos (renavam, placa, marca, modelo, ano, cor, valor_mercado, cpf_cliente) VALUES (19759048379, 'KUA-2943', 'Honda', 'Ka', 2005, 'Azul', 105887.35, 92147365352);
INSERT INTO veiculos (renavam, placa, marca, modelo, ano, cor, valor_mercado, cpf_cliente) VALUES (6770176731, 'AIJ-2114', 'Chevrolet', 'Strada', 2013, 'Preto', 23414.05, 92147365352);
INSERT INTO veiculos (renavam, placa, marca, modelo, ano, cor, valor_mercado, cpf_cliente) VALUES (55780477592, 'NRE-2211', 'Fiat', 'Ka', 2009, 'Vermelho', 121746.66, 63651637154);
INSERT INTO veiculos (renavam, placa, marca, modelo, ano, cor, valor_mercado, cpf_cliente) VALUES (39746410383, 'WLL-8653', 'Chevrolet', 'Corolla', 2015, 'Prata', 43092.85, 63651637154);
INSERT INTO veiculos (renavam, placa, marca, modelo, ano, cor, valor_mercado, cpf_cliente) VALUES (92645238315, 'POR-5947', 'Honda', 'Onix', 2022, 'Preto', 126465.52, 26609238109);
INSERT INTO veiculos (renavam, placa, marca, modelo, ano, cor, valor_mercado, cpf_cliente) VALUES (74462677094, 'KNX-6573', 'Chevrolet', 'Strada', 2020, 'Preto', 34218.03, 26609238109);
INSERT INTO veiculos (renavam, placa, marca, modelo, ano, cor, valor_mercado, cpf_cliente) VALUES (63609637940, 'GNN-5543', 'Chevrolet', 'Strada', 2004, 'Prata', 149701.35, 45911455374);
INSERT INTO veiculos (renavam, placa, marca, modelo, ano, cor, valor_mercado, cpf_cliente) VALUES (14919134244, 'LSI-3818', 'Toyota', 'Corolla', 2023, 'Branco', 87079.21, 72380131243);
INSERT INTO veiculos (renavam, placa, marca, modelo, ano, cor, valor_mercado, cpf_cliente) VALUES (53447616378, 'LLA-2277', 'Chevrolet', 'Civic', 2017, 'Branco', 67553.09, 72380131243);
INSERT INTO veiculos (renavam, placa, marca, modelo, ano, cor, valor_mercado, cpf_cliente) VALUES (42856565386, 'VSH-6011', 'Fiat', 'Civic', 2005, 'Prata', 110146.75, 57784243677);
INSERT INTO veiculos (renavam, placa, marca, modelo, ano, cor, valor_mercado, cpf_cliente) VALUES (35544599112, 'EVQ-8941', 'Honda', 'Strada', 2016, 'Vermelho', 73187.47, 34382948470);
INSERT INTO veiculos (renavam, placa, marca, modelo, ano, cor, valor_mercado, cpf_cliente) VALUES (47415720227, 'OUM-5525', 'Fiat', 'Strada', 2024, 'Preto', 118800.54, 34382948470);
INSERT INTO veiculos (renavam, placa, marca, modelo, ano, cor, valor_mercado, cpf_cliente) VALUES (42476280280, 'WDV-2768', 'Chevrolet', 'Ka', 2005, 'Azul', 38100.55, 34382948470);
INSERT INTO veiculos (renavam, placa, marca, modelo, ano, cor, valor_mercado, cpf_cliente) VALUES (88555192595, 'XVD-7402', 'Ford', 'Corolla', 2007, 'Branco', 112481.33, 42369771359);
INSERT INTO veiculos (renavam, placa, marca, modelo, ano, cor, valor_mercado, cpf_cliente) VALUES (76452446805, 'HYJ-9307', 'Toyota', 'Ka', 2020, 'Prata', 130513.81, 53881968747);
INSERT INTO veiculos (renavam, placa, marca, modelo, ano, cor, valor_mercado, cpf_cliente) VALUES (39843251878, 'TBQ-8091', 'Honda', 'Civic', 2013, 'Branco', 149440.23, 63434322585);
INSERT INTO veiculos (renavam, placa, marca, modelo, ano, cor, valor_mercado, cpf_cliente) VALUES (98388030660, 'QST-4002', 'Toyota', 'Corolla', 2018, 'Branco', 87527.75, 63434322585);
INSERT INTO veiculos (renavam, placa, marca, modelo, ano, cor, valor_mercado, cpf_cliente) VALUES (40318642081, 'JHJ-8866', 'Toyota', 'Strada', 2018, 'Preto', 99341.5, 63434322585);
INSERT INTO veiculos (renavam, placa, marca, modelo, ano, cor, valor_mercado, cpf_cliente) VALUES (47614680175, 'JZI-1205', 'Chevrolet', 'Strada', 2009, 'Preto', 130225.97, 63539534327);
INSERT INTO veiculos (renavam, placa, marca, modelo, ano, cor, valor_mercado, cpf_cliente) VALUES (82613677232, 'QBX-0333', 'Chevrolet', 'Ka', 2011, 'Azul', 108782.47, 33710029671);
INSERT INTO veiculos (renavam, placa, marca, modelo, ano, cor, valor_mercado, cpf_cliente) VALUES (79700200756, 'NKS-0562', 'Fiat', 'Civic', 2016, 'Branco', 146660.74, 33710029671);
INSERT INTO veiculos (renavam, placa, marca, modelo, ano, cor, valor_mercado, cpf_cliente) VALUES (13576634922, 'YDP-0661', 'Toyota', 'Corolla', 2022, 'Preto', 41298.24, 33710029671);
INSERT INTO veiculos (renavam, placa, marca, modelo, ano, cor, valor_mercado, cpf_cliente) VALUES (57711728708, 'HBS-5043', 'Honda', 'Strada', 2005, 'Prata', 40450.3, 18902545673);
INSERT INTO veiculos (renavam, placa, marca, modelo, ano, cor, valor_mercado, cpf_cliente) VALUES (78617080039, 'EYA-8762', 'Ford', 'Ka', 2023, 'Prata', 55263.53, 18902545673);
INSERT INTO veiculos (renavam, placa, marca, modelo, ano, cor, valor_mercado, cpf_cliente) VALUES (51602504887, 'ICL-3277', 'Ford', 'Ka', 2011, 'Azul', 146341.51, 10045227746);
INSERT INTO veiculos (renavam, placa, marca, modelo, ano, cor, valor_mercado, cpf_cliente) VALUES (75719056603, 'TJT-3294', 'Toyota', 'Corolla', 2022, 'Prata', 32093.46, 44342545876);
INSERT INTO veiculos (renavam, placa, marca, modelo, ano, cor, valor_mercado, cpf_cliente) VALUES (85739001805, 'LZG-2387', 'Fiat', 'Onix', 2014, 'Prata', 50369.46, 94431144647);
INSERT INTO veiculos (renavam, placa, marca, modelo, ano, cor, valor_mercado, cpf_cliente) VALUES (17114313744, 'WCU-3762', 'Fiat', 'Corolla', 2002, 'Branco', 145892.0, 64402128406);
INSERT INTO veiculos (renavam, placa, marca, modelo, ano, cor, valor_mercado, cpf_cliente) VALUES (56290447248, 'DAV-9183', 'Toyota', 'Strada', 2018, 'Prata', 139265.72, 52892539588);
INSERT INTO veiculos (renavam, placa, marca, modelo, ano, cor, valor_mercado, cpf_cliente) VALUES (9168088190, 'YLS-4343', 'Ford', 'Onix', 2008, 'Vermelho', 134845.09, 52892539588);
INSERT INTO veiculos (renavam, placa, marca, modelo, ano, cor, valor_mercado, cpf_cliente) VALUES (66648403467, 'GZO-0374', 'Honda', 'Onix', 2018, 'Azul', 61808.57, 55431652707);
INSERT INTO veiculos (renavam, placa, marca, modelo, ano, cor, valor_mercado, cpf_cliente) VALUES (13287095799, 'CRG-8909', 'Ford', 'Strada', 2012, 'Prata', 141576.78, 46149366888);
INSERT INTO veiculos (renavam, placa, marca, modelo, ano, cor, valor_mercado, cpf_cliente) VALUES (91237357351, 'YVV-9510', 'Toyota', 'Corolla', 2019, 'Branco', 22590.64, 46149366888);
INSERT INTO veiculos (renavam, placa, marca, modelo, ano, cor, valor_mercado, cpf_cliente) VALUES (9217983059, 'UWW-9393', 'Toyota', 'Onix', 2009, 'Prata', 37738.72, 12030342461);
INSERT INTO veiculos (renavam, placa, marca, modelo, ano, cor, valor_mercado, cpf_cliente) VALUES (19796196972, 'PEH-6179', 'Chevrolet', 'Ka', 2024, 'Azul', 24209.76, 12030342461);
INSERT INTO veiculos (renavam, placa, marca, modelo, ano, cor, valor_mercado, cpf_cliente) VALUES (38661430336, 'ZVR-7302', 'Toyota', 'Onix', 2008, 'Preto', 113653.77, 96143564281);
INSERT INTO veiculos (renavam, placa, marca, modelo, ano, cor, valor_mercado, cpf_cliente) VALUES (4414833875, 'TFL-7002', 'Toyota', 'Civic', 2010, 'Branco', 135431.06, 96143564281);
INSERT INTO veiculos (renavam, placa, marca, modelo, ano, cor, valor_mercado, cpf_cliente) VALUES (10993987466, 'LBI-9459', 'Chevrolet', 'Onix', 2021, 'Prata', 58662.08, 96143564281);
INSERT INTO veiculos (renavam, placa, marca, modelo, ano, cor, valor_mercado, cpf_cliente) VALUES (5813426610, 'EHC-8334', 'Fiat', 'Civic', 2020, 'Azul', 70378.53, 78972821277);
INSERT INTO veiculos (renavam, placa, marca, modelo, ano, cor, valor_mercado, cpf_cliente) VALUES (83424220760, 'IOZ-5588', 'Honda', 'Strada', 2021, 'Vermelho', 94452.86, 78352199928);
INSERT INTO veiculos (renavam, placa, marca, modelo, ano, cor, valor_mercado, cpf_cliente) VALUES (22380555919, 'LYE-2100', 'Honda', 'Corolla', 2020, 'Branco', 128434.06, 78352199928);
INSERT INTO veiculos (renavam, placa, marca, modelo, ano, cor, valor_mercado, cpf_cliente) VALUES (37805585907, 'PUC-1559', 'Toyota', 'Civic', 2018, 'Preto', 122146.93, 58912085920);
INSERT INTO veiculos (renavam, placa, marca, modelo, ano, cor, valor_mercado, cpf_cliente) VALUES (88826541466, 'KKW-6042', 'Fiat', 'Civic', 2010, 'Prata', 60423.41, 58912085920);
INSERT INTO veiculos (renavam, placa, marca, modelo, ano, cor, valor_mercado, cpf_cliente) VALUES (86923773760, 'LXK-4530', 'Ford', 'Civic', 2009, 'Azul', 72440.07, 67947140449);
INSERT INTO veiculos (renavam, placa, marca, modelo, ano, cor, valor_mercado, cpf_cliente) VALUES (75518200031, 'JMK-9624', 'Honda', 'Corolla', 2015, 'Azul', 91673.38, 67947140449);
INSERT INTO veiculos (renavam, placa, marca, modelo, ano, cor, valor_mercado, cpf_cliente) VALUES (18762315986, 'RGK-0770', 'Ford', 'Corolla', 2019, 'Preto', 49090.1, 2690397285);
INSERT INTO veiculos (renavam, placa, marca, modelo, ano, cor, valor_mercado, cpf_cliente) VALUES (69772884235, 'QPA-9985', 'Chevrolet', 'Strada', 2009, 'Prata', 108973.71, 2690397285);
INSERT INTO veiculos (renavam, placa, marca, modelo, ano, cor, valor_mercado, cpf_cliente) VALUES (9682782178, 'UUP-6676', 'Fiat', 'Onix', 2013, 'Vermelho', 70475.74, 37502141043);
INSERT INTO veiculos (renavam, placa, marca, modelo, ano, cor, valor_mercado, cpf_cliente) VALUES (7517257965, 'VVW-1012', 'Chevrolet', 'Corolla', 2021, 'Prata', 105076.5, 37502141043);
INSERT INTO veiculos (renavam, placa, marca, modelo, ano, cor, valor_mercado, cpf_cliente) VALUES (37373228485, 'YBX-5832', 'Toyota', 'Corolla', 2004, 'Branco', 64547.09, 74831165735);
INSERT INTO veiculos (renavam, placa, marca, modelo, ano, cor, valor_mercado, cpf_cliente) VALUES (89181039304, 'FUO-1771', 'Honda', 'Ka', 2012, 'Vermelho', 145492.62, 73329640047);
INSERT INTO veiculos (renavam, placa, marca, modelo, ano, cor, valor_mercado, cpf_cliente) VALUES (30130381662, 'SID-3518', 'Fiat', 'Onix', 2014, 'Azul', 97528.09, 73329640047);
INSERT INTO veiculos (renavam, placa, marca, modelo, ano, cor, valor_mercado, cpf_cliente) VALUES (38939319942, 'SDT-5136', 'Toyota', 'Ka', 2020, 'Prata', 120262.46, 73329640047);
INSERT INTO veiculos (renavam, placa, marca, modelo, ano, cor, valor_mercado, cpf_cliente) VALUES (9660643541, 'SQH-6626', 'Ford', 'Ka', 2003, 'Azul', 113439.61, 35262183758);
INSERT INTO veiculos (renavam, placa, marca, modelo, ano, cor, valor_mercado, cpf_cliente) VALUES (11111252720, 'MFY-3069', 'Chevrolet', 'Ka', 2004, 'Preto', 121338.41, 35262183758);
INSERT INTO veiculos (renavam, placa, marca, modelo, ano, cor, valor_mercado, cpf_cliente) VALUES (7964920888, 'JRL-1880', 'Ford', 'Corolla', 2010, 'Prata', 136288.59, 35262183758);
INSERT INTO veiculos (renavam, placa, marca, modelo, ano, cor, valor_mercado, cpf_cliente) VALUES (27331448644, 'XED-7981', 'Chevrolet', 'Ka', 2018, 'Vermelho', 43563.87, 72433775001);
INSERT INTO veiculos (renavam, placa, marca, modelo, ano, cor, valor_mercado, cpf_cliente) VALUES (33068919140, 'GIS-6755', 'Fiat', 'Strada', 2016, 'Azul', 32381.48, 72433775001);
INSERT INTO veiculos (renavam, placa, marca, modelo, ano, cor, valor_mercado, cpf_cliente) VALUES (62363859061, 'WWW-0429', 'Toyota', 'Strada', 2007, 'Azul', 103631.25, 72433775001);
INSERT INTO veiculos (renavam, placa, marca, modelo, ano, cor, valor_mercado, cpf_cliente) VALUES (80450439704, 'AOV-7968', 'Chevrolet', 'Corolla', 2020, 'Vermelho', 143546.17, 46035032123);
INSERT INTO veiculos (renavam, placa, marca, modelo, ano, cor, valor_mercado, cpf_cliente) VALUES (30245646717, 'FIV-9257', 'Toyota', 'Corolla', 2015, 'Branco', 126839.03, 46035032123);
INSERT INTO veiculos (renavam, placa, marca, modelo, ano, cor, valor_mercado, cpf_cliente) VALUES (71619347714, 'YVP-7469', 'Ford', 'Ka', 2000, 'Azul', 115707.81, 9855741038);
INSERT INTO veiculos (renavam, placa, marca, modelo, ano, cor, valor_mercado, cpf_cliente) VALUES (54597961816, 'PIW-4662', 'Honda', 'Onix', 2009, 'Vermelho', 124623.59, 9855741038);
INSERT INTO veiculos (renavam, placa, marca, modelo, ano, cor, valor_mercado, cpf_cliente) VALUES (16858537522, 'SRX-1791', 'Chevrolet', 'Onix', 2022, 'Preto', 118900.75, 9855741038);
INSERT INTO veiculos (renavam, placa, marca, modelo, ano, cor, valor_mercado, cpf_cliente) VALUES (45647828850, 'DRF-7122', 'Toyota', 'Onix', 2006, 'Azul', 24199.83, 70651739611);
INSERT INTO veiculos (renavam, placa, marca, modelo, ano, cor, valor_mercado, cpf_cliente) VALUES (81878752772, 'RYK-9935', 'Toyota', 'Onix', 2006, 'Azul', 132950.49, 70651739611);
INSERT INTO veiculos (renavam, placa, marca, modelo, ano, cor, valor_mercado, cpf_cliente) VALUES (84267357171, 'LZB-9710', 'Fiat', 'Strada', 2008, 'Branco', 40920.75, 70651739611);
INSERT INTO veiculos (renavam, placa, marca, modelo, ano, cor, valor_mercado, cpf_cliente) VALUES (4909576837, 'OBS-5957', 'Ford', 'Ka', 2017, 'Azul', 72444.22, 86104320534);
INSERT INTO veiculos (renavam, placa, marca, modelo, ano, cor, valor_mercado, cpf_cliente) VALUES (38632964576, 'CIG-6920', 'Fiat', 'Ka', 2003, 'Vermelho', 53356.77, 86104320534);
INSERT INTO apolices (numero_apolice, data_inicio, data_fim, valor_premio, status, renavam_veiculo, id_corretor) VALUES (1, '2021-02-20', '2022-02-20', 4645.34, 'Cancelada', 80450439704, 5);
INSERT INTO apolices (numero_apolice, data_inicio, data_fim, valor_premio, status, renavam_veiculo, id_corretor) VALUES (2, '2023-07-02', '2024-07-01', 2947.22, 'Cancelada', 91237357351, 9);
INSERT INTO apolices (numero_apolice, data_inicio, data_fim, valor_premio, status, renavam_veiculo, id_corretor) VALUES (3, '2022-10-19', '2023-10-19', 3055.58, 'Ativa', 89181039304, 4);
INSERT INTO apolices (numero_apolice, data_inicio, data_fim, valor_premio, status, renavam_veiculo, id_corretor) VALUES (4, '2023-12-29', '2024-12-28', 1029.32, 'Ativa', 45404873875, 9);
INSERT INTO apolices (numero_apolice, data_inicio, data_fim, valor_premio, status, renavam_veiculo, id_corretor) VALUES (5, '2023-05-19', '2024-05-18', 4342.66, 'Ativa', 4358036008, 4);
INSERT INTO apolices (numero_apolice, data_inicio, data_fim, valor_premio, status, renavam_veiculo, id_corretor) VALUES (6, '2021-05-28', '2022-05-28', 3987.56, 'Ativa', 38661430336, 7);
INSERT INTO apolices (numero_apolice, data_inicio, data_fim, valor_premio, status, renavam_veiculo, id_corretor) VALUES (7, '2022-11-11', '2023-11-11', 1151.55, 'Ativa', 43401332901, 8);
INSERT INTO apolices (numero_apolice, data_inicio, data_fim, valor_premio, status, renavam_veiculo, id_corretor) VALUES (8, '2022-05-31', '2023-05-31', 3232.34, 'Renovada', 85319295201, 3);
INSERT INTO apolices (numero_apolice, data_inicio, data_fim, valor_premio, status, renavam_veiculo, id_corretor) VALUES (9, '2023-04-15', '2024-04-14', 2552.13, 'Renovada', 51899580800, 5);
INSERT INTO apolices (numero_apolice, data_inicio, data_fim, valor_premio, status, renavam_veiculo, id_corretor) VALUES (10, '2022-10-10', '2023-10-10', 1067.56, 'Renovada', 47614680175, 7);
INSERT INTO apolices (numero_apolice, data_inicio, data_fim, valor_premio, status, renavam_veiculo, id_corretor) VALUES (11, '2021-01-13', '2022-01-13', 3565.69, 'Renovada', 9672825217, 9);
INSERT INTO apolices (numero_apolice, data_inicio, data_fim, valor_premio, status, renavam_veiculo, id_corretor) VALUES (12, '2021-04-04', '2022-04-04', 3803.53, 'Ativa', 14431839337, 10);
INSERT INTO apolices (numero_apolice, data_inicio, data_fim, valor_premio, status, renavam_veiculo, id_corretor) VALUES (13, '2021-08-06', '2022-08-06', 2159.35, 'Renovada', 42476280280, 9);
INSERT INTO apolices (numero_apolice, data_inicio, data_fim, valor_premio, status, renavam_veiculo, id_corretor) VALUES (14, '2021-06-27', '2022-06-27', 2126.07, 'Cancelada', 74462677094, 10);
INSERT INTO apolices (numero_apolice, data_inicio, data_fim, valor_premio, status, renavam_veiculo, id_corretor) VALUES (15, '2021-03-05', '2022-03-05', 2895.95, 'Renovada', 39843251878, 7);
INSERT INTO apolices (numero_apolice, data_inicio, data_fim, valor_premio, status, renavam_veiculo, id_corretor) VALUES (16, '2023-03-12', '2024-03-11', 4187.08, 'Renovada', 87055721252, 3);
INSERT INTO apolices (numero_apolice, data_inicio, data_fim, valor_premio, status, renavam_veiculo, id_corretor) VALUES (17, '2022-09-03', '2023-09-03', 3709.16, 'Renovada', 92645238315, 3);
INSERT INTO apolices (numero_apolice, data_inicio, data_fim, valor_premio, status, renavam_veiculo, id_corretor) VALUES (18, '2021-01-23', '2022-01-23', 3214.1, 'Renovada', 37373228485, 6);
INSERT INTO apolices (numero_apolice, data_inicio, data_fim, valor_premio, status, renavam_veiculo, id_corretor) VALUES (19, '2021-03-27', '2022-03-27', 1020.12, 'Renovada', 61664434094, 2);
INSERT INTO apolices (numero_apolice, data_inicio, data_fim, valor_premio, status, renavam_veiculo, id_corretor) VALUES (20, '2021-06-24', '2022-06-24', 2218.76, 'Renovada', 40318642081, 9);
INSERT INTO apolices (numero_apolice, data_inicio, data_fim, valor_premio, status, renavam_veiculo, id_corretor) VALUES (21, '2022-03-10', '2023-03-10', 2650.62, 'Renovada', 71619347714, 6);
INSERT INTO apolices (numero_apolice, data_inicio, data_fim, valor_premio, status, renavam_veiculo, id_corretor) VALUES (22, '2021-11-26', '2022-11-26', 1735.97, 'Renovada', 91237357351, 3);
INSERT INTO apolices (numero_apolice, data_inicio, data_fim, valor_premio, status, renavam_veiculo, id_corretor) VALUES (23, '2021-08-23', '2022-08-23', 1725.43, 'Renovada', 84009850939, 4);
INSERT INTO apolices (numero_apolice, data_inicio, data_fim, valor_premio, status, renavam_veiculo, id_corretor) VALUES (24, '2023-08-03', '2024-08-02', 3578.7, 'Ativa', 85319295201, 9);
INSERT INTO apolices (numero_apolice, data_inicio, data_fim, valor_premio, status, renavam_veiculo, id_corretor) VALUES (25, '2022-05-29', '2023-05-29', 1392.81, 'Renovada', 92645238315, 2);
INSERT INTO apolices (numero_apolice, data_inicio, data_fim, valor_premio, status, renavam_veiculo, id_corretor) VALUES (26, '2022-11-09', '2023-11-09', 2428.55, 'Renovada', 37805585907, 8);
INSERT INTO apolices (numero_apolice, data_inicio, data_fim, valor_premio, status, renavam_veiculo, id_corretor) VALUES (27, '2021-07-24', '2022-07-24', 2140.55, 'Ativa', 89181039304, 4);
INSERT INTO apolices (numero_apolice, data_inicio, data_fim, valor_premio, status, renavam_veiculo, id_corretor) VALUES (28, '2023-09-23', '2024-09-22', 2802.58, 'Renovada', 22805287356, 6);
INSERT INTO apolices (numero_apolice, data_inicio, data_fim, valor_premio, status, renavam_veiculo, id_corretor) VALUES (29, '2021-11-09', '2022-11-09', 3262.21, 'Cancelada', 30130381662, 5);
INSERT INTO apolices (numero_apolice, data_inicio, data_fim, valor_premio, status, renavam_veiculo, id_corretor) VALUES (30, '2021-12-12', '2022-12-12', 1019.33, 'Ativa', 14919134244, 7);
INSERT INTO apolices (numero_apolice, data_inicio, data_fim, valor_premio, status, renavam_veiculo, id_corretor) VALUES (31, '2023-06-13', '2024-06-12', 2106.72, 'Cancelada', 4909576837, 4);
INSERT INTO apolices (numero_apolice, data_inicio, data_fim, valor_premio, status, renavam_veiculo, id_corretor) VALUES (32, '2023-09-10', '2024-09-09', 2851.39, 'Cancelada', 78202693465, 6);
INSERT INTO apolices (numero_apolice, data_inicio, data_fim, valor_premio, status, renavam_veiculo, id_corretor) VALUES (33, '2023-09-25', '2024-09-24', 3206.69, 'Ativa', 84267357171, 5);
INSERT INTO apolices (numero_apolice, data_inicio, data_fim, valor_premio, status, renavam_veiculo, id_corretor) VALUES (34, '2021-06-17', '2022-06-17', 4367.17, 'Ativa', 37373228485, 10);
INSERT INTO apolices (numero_apolice, data_inicio, data_fim, valor_premio, status, renavam_veiculo, id_corretor) VALUES (35, '2022-06-24', '2023-06-24', 3934.18, 'Renovada', 38661430336, 4);
INSERT INTO apolices (numero_apolice, data_inicio, data_fim, valor_premio, status, renavam_veiculo, id_corretor) VALUES (36, '2021-02-08', '2022-02-08', 4398.35, 'Renovada', 98971194840, 2);
INSERT INTO apolices (numero_apolice, data_inicio, data_fim, valor_premio, status, renavam_veiculo, id_corretor) VALUES (37, '2023-04-10', '2024-04-09', 4076.8, 'Ativa', 43401332901, 10);
INSERT INTO apolices (numero_apolice, data_inicio, data_fim, valor_premio, status, renavam_veiculo, id_corretor) VALUES (38, '2022-06-18', '2023-06-18', 3173.88, 'Renovada', 48406833058, 9);
INSERT INTO apolices (numero_apolice, data_inicio, data_fim, valor_premio, status, renavam_veiculo, id_corretor) VALUES (39, '2023-01-20', '2024-01-20', 2569.99, 'Renovada', 17114313744, 3);
INSERT INTO apolices (numero_apolice, data_inicio, data_fim, valor_premio, status, renavam_veiculo, id_corretor) VALUES (40, '2021-10-02', '2022-10-02', 2858.8, 'Renovada', 30245646717, 5);
INSERT INTO apolices (numero_apolice, data_inicio, data_fim, valor_premio, status, renavam_veiculo, id_corretor) VALUES (41, '2023-01-16', '2024-01-16', 3008.67, 'Renovada', 55013446536, 7);
INSERT INTO apolices (numero_apolice, data_inicio, data_fim, valor_premio, status, renavam_veiculo, id_corretor) VALUES (42, '2021-12-06', '2022-12-06', 4028.82, 'Ativa', 54075256491, 10);
INSERT INTO apolices (numero_apolice, data_inicio, data_fim, valor_premio, status, renavam_veiculo, id_corretor) VALUES (43, '2022-01-02', '2023-01-02', 3265.43, 'Renovada', 51602504887, 3);
INSERT INTO apolices (numero_apolice, data_inicio, data_fim, valor_premio, status, renavam_veiculo, id_corretor) VALUES (44, '2023-09-18', '2024-09-17', 4756.7, 'Ativa', 30130381662, 3);
INSERT INTO apolices (numero_apolice, data_inicio, data_fim, valor_premio, status, renavam_veiculo, id_corretor) VALUES (45, '2022-04-20', '2023-04-20', 1251.44, 'Cancelada', 87055721252, 8);
INSERT INTO apolices (numero_apolice, data_inicio, data_fim, valor_premio, status, renavam_veiculo, id_corretor) VALUES (46, '2022-02-28', '2023-02-28', 3071.54, 'Cancelada', 51899580800, 1);
INSERT INTO apolices (numero_apolice, data_inicio, data_fim, valor_premio, status, renavam_veiculo, id_corretor) VALUES (47, '2023-07-21', '2024-07-20', 4526.21, 'Ativa', 98388030660, 8);
INSERT INTO apolices (numero_apolice, data_inicio, data_fim, valor_premio, status, renavam_veiculo, id_corretor) VALUES (48, '2021-07-31', '2022-07-31', 3814.95, 'Renovada', 89181039304, 6);
INSERT INTO apolices (numero_apolice, data_inicio, data_fim, valor_premio, status, renavam_veiculo, id_corretor) VALUES (49, '2022-06-24', '2023-06-24', 3314.53, 'Renovada', 7517257965, 5);
INSERT INTO apolices (numero_apolice, data_inicio, data_fim, valor_premio, status, renavam_veiculo, id_corretor) VALUES (50, '2023-02-15', '2024-02-15', 2461.19, 'Renovada', 96493893665, 7);
INSERT INTO apolices (numero_apolice, data_inicio, data_fim, valor_premio, status, renavam_veiculo, id_corretor) VALUES (51, '2022-05-31', '2023-05-31', 2505.32, 'Ativa', 98971194840, 9);
INSERT INTO apolices (numero_apolice, data_inicio, data_fim, valor_premio, status, renavam_veiculo, id_corretor) VALUES (52, '2022-12-24', '2023-12-24', 4268.95, 'Cancelada', 9217983059, 7);
INSERT INTO apolices (numero_apolice, data_inicio, data_fim, valor_premio, status, renavam_veiculo, id_corretor) VALUES (53, '2021-01-14', '2022-01-14', 3007.35, 'Ativa', 9168088190, 8);
INSERT INTO apolices (numero_apolice, data_inicio, data_fim, valor_premio, status, renavam_veiculo, id_corretor) VALUES (54, '2022-04-17', '2023-04-17', 1308.35, 'Renovada', 78617080039, 3);
INSERT INTO apolices (numero_apolice, data_inicio, data_fim, valor_premio, status, renavam_veiculo, id_corretor) VALUES (55, '2021-11-04', '2022-11-04', 1747.62, 'Cancelada', 55780477592, 4);
INSERT INTO apolices (numero_apolice, data_inicio, data_fim, valor_premio, status, renavam_veiculo, id_corretor) VALUES (56, '2022-04-17', '2023-04-17', 2658.45, 'Cancelada', 75518200031, 2);
INSERT INTO apolices (numero_apolice, data_inicio, data_fim, valor_premio, status, renavam_veiculo, id_corretor) VALUES (57, '2023-09-14', '2024-09-13', 3700.92, 'Cancelada', 80450439704, 2);
INSERT INTO apolices (numero_apolice, data_inicio, data_fim, valor_premio, status, renavam_veiculo, id_corretor) VALUES (58, '2021-11-27', '2022-11-27', 3589.04, 'Cancelada', 4358036008, 10);
INSERT INTO apolices (numero_apolice, data_inicio, data_fim, valor_premio, status, renavam_veiculo, id_corretor) VALUES (59, '2021-03-30', '2022-03-30', 1511.54, 'Renovada', 96467064571, 4);
INSERT INTO apolices (numero_apolice, data_inicio, data_fim, valor_premio, status, renavam_veiculo, id_corretor) VALUES (60, '2023-11-16', '2024-11-15', 1156.76, 'Renovada', 87657553918, 3);
INSERT INTO apolices (numero_apolice, data_inicio, data_fim, valor_premio, status, renavam_veiculo, id_corretor) VALUES (61, '2021-12-07', '2022-12-07', 2033.04, 'Ativa', 61664434094, 1);
INSERT INTO apolices (numero_apolice, data_inicio, data_fim, valor_premio, status, renavam_veiculo, id_corretor) VALUES (62, '2021-02-08', '2022-02-08', 4514.04, 'Renovada', 9217983059, 7);
INSERT INTO apolices (numero_apolice, data_inicio, data_fim, valor_premio, status, renavam_veiculo, id_corretor) VALUES (63, '2021-06-25', '2022-06-25', 1866.37, 'Renovada', 30130381662, 5);
INSERT INTO apolices (numero_apolice, data_inicio, data_fim, valor_premio, status, renavam_veiculo, id_corretor) VALUES (64, '2021-12-16', '2022-12-16', 1877.46, 'Cancelada', 17114313744, 8);
INSERT INTO apolices (numero_apolice, data_inicio, data_fim, valor_premio, status, renavam_veiculo, id_corretor) VALUES (65, '2022-01-08', '2023-01-08', 3492.85, 'Renovada', 86923773760, 3);
INSERT INTO apolices (numero_apolice, data_inicio, data_fim, valor_premio, status, renavam_veiculo, id_corretor) VALUES (66, '2022-12-03', '2023-12-03', 4689.41, 'Renovada', 19759048379, 3);
INSERT INTO apolices (numero_apolice, data_inicio, data_fim, valor_premio, status, renavam_veiculo, id_corretor) VALUES (67, '2022-04-16', '2023-04-16', 2512.85, 'Ativa', 88826541466, 2);
INSERT INTO apolices (numero_apolice, data_inicio, data_fim, valor_premio, status, renavam_veiculo, id_corretor) VALUES (68, '2022-02-19', '2023-02-19', 3090.85, 'Renovada', 44425648775, 1);
INSERT INTO apolices (numero_apolice, data_inicio, data_fim, valor_premio, status, renavam_veiculo, id_corretor) VALUES (69, '2021-11-03', '2022-11-03', 3422.04, 'Ativa', 11111252720, 7);
INSERT INTO apolices (numero_apolice, data_inicio, data_fim, valor_premio, status, renavam_veiculo, id_corretor) VALUES (70, '2021-03-21', '2022-03-21', 4511.01, 'Renovada', 17114313744, 10);
INSERT INTO apolices (numero_apolice, data_inicio, data_fim, valor_premio, status, renavam_veiculo, id_corretor) VALUES (71, '2021-07-10', '2022-07-10', 2928.96, 'Ativa', 13287095799, 2);
INSERT INTO apolices (numero_apolice, data_inicio, data_fim, valor_premio, status, renavam_veiculo, id_corretor) VALUES (72, '2021-01-03', '2022-01-03', 4587.88, 'Renovada', 75518200031, 9);
INSERT INTO apolices (numero_apolice, data_inicio, data_fim, valor_premio, status, renavam_veiculo, id_corretor) VALUES (73, '2023-12-06', '2024-12-05', 2682.74, 'Ativa', 89181039304, 7);
INSERT INTO apolices (numero_apolice, data_inicio, data_fim, valor_premio, status, renavam_veiculo, id_corretor) VALUES (74, '2023-05-29', '2024-05-28', 1917.95, 'Cancelada', 27331448644, 9);
INSERT INTO apolices (numero_apolice, data_inicio, data_fim, valor_premio, status, renavam_veiculo, id_corretor) VALUES (75, '2022-12-19', '2023-12-19', 3356.19, 'Renovada', 38632964576, 7);
INSERT INTO apolices (numero_apolice, data_inicio, data_fim, valor_premio, status, renavam_veiculo, id_corretor) VALUES (76, '2021-07-20', '2022-07-20', 2701.96, 'Cancelada', 45647828850, 10);
INSERT INTO apolices (numero_apolice, data_inicio, data_fim, valor_premio, status, renavam_veiculo, id_corretor) VALUES (77, '2021-06-21', '2022-06-21', 2133.07, 'Renovada', 56290447248, 4);
INSERT INTO apolices (numero_apolice, data_inicio, data_fim, valor_premio, status, renavam_veiculo, id_corretor) VALUES (78, '2022-01-23', '2023-01-23', 1021.88, 'Renovada', 82613677232, 5);
INSERT INTO apolices (numero_apolice, data_inicio, data_fim, valor_premio, status, renavam_veiculo, id_corretor) VALUES (79, '2023-12-07', '2024-12-06', 1471.31, 'Ativa', 38632964576, 1);
INSERT INTO apolices (numero_apolice, data_inicio, data_fim, valor_premio, status, renavam_veiculo, id_corretor) VALUES (80, '2022-10-09', '2023-10-09', 2635.38, 'Ativa', 39843251878, 4);
INSERT INTO apolices (numero_apolice, data_inicio, data_fim, valor_premio, status, renavam_veiculo, id_corretor) VALUES (81, '2022-06-04', '2023-06-04', 2045.21, 'Renovada', 1345873192, 7);
INSERT INTO apolices (numero_apolice, data_inicio, data_fim, valor_premio, status, renavam_veiculo, id_corretor) VALUES (82, '2023-01-19', '2024-01-19', 3447.52, 'Renovada', 13576634922, 10);
INSERT INTO apolices (numero_apolice, data_inicio, data_fim, valor_premio, status, renavam_veiculo, id_corretor) VALUES (83, '2023-04-27', '2024-04-26', 3208.42, 'Renovada', 40318642081, 4);
INSERT INTO apolices (numero_apolice, data_inicio, data_fim, valor_premio, status, renavam_veiculo, id_corretor) VALUES (84, '2023-01-29', '2024-01-29', 3236.38, 'Cancelada', 56290447248, 3);
INSERT INTO apolices (numero_apolice, data_inicio, data_fim, valor_premio, status, renavam_veiculo, id_corretor) VALUES (85, '2022-12-07', '2023-12-07', 4096.78, 'Cancelada', 84009850939, 5);
INSERT INTO apolices (numero_apolice, data_inicio, data_fim, valor_premio, status, renavam_veiculo, id_corretor) VALUES (86, '2021-09-01', '2022-09-01', 3991.26, 'Cancelada', 71619347714, 3);
INSERT INTO apolices (numero_apolice, data_inicio, data_fim, valor_premio, status, renavam_veiculo, id_corretor) VALUES (87, '2021-07-25', '2022-07-25', 1857.83, 'Cancelada', 4909576837, 3);
INSERT INTO apolices (numero_apolice, data_inicio, data_fim, valor_premio, status, renavam_veiculo, id_corretor) VALUES (88, '2021-04-17', '2022-04-17', 1642.95, 'Renovada', 4909576837, 6);
INSERT INTO apolices (numero_apolice, data_inicio, data_fim, valor_premio, status, renavam_veiculo, id_corretor) VALUES (89, '2021-10-25', '2022-10-25', 2886.67, 'Renovada', 7420109595, 2);
INSERT INTO apolices (numero_apolice, data_inicio, data_fim, valor_premio, status, renavam_veiculo, id_corretor) VALUES (90, '2021-05-12', '2022-05-12', 2052.37, 'Cancelada', 57711728708, 2);
INSERT INTO apolices (numero_apolice, data_inicio, data_fim, valor_premio, status, renavam_veiculo, id_corretor) VALUES (91, '2021-03-19', '2022-03-19', 3897.98, 'Cancelada', 12340053234, 10);
INSERT INTO apolices (numero_apolice, data_inicio, data_fim, valor_premio, status, renavam_veiculo, id_corretor) VALUES (92, '2022-08-10', '2023-08-10', 3846.42, 'Renovada', 18762315986, 9);
INSERT INTO apolices (numero_apolice, data_inicio, data_fim, valor_premio, status, renavam_veiculo, id_corretor) VALUES (93, '2023-10-10', '2024-10-09', 2755.89, 'Ativa', 39080972256, 3);
INSERT INTO apolices (numero_apolice, data_inicio, data_fim, valor_premio, status, renavam_veiculo, id_corretor) VALUES (94, '2022-08-09', '2023-08-09', 1778.99, 'Renovada', 30130381662, 9);
INSERT INTO apolices (numero_apolice, data_inicio, data_fim, valor_premio, status, renavam_veiculo, id_corretor) VALUES (95, '2022-04-20', '2023-04-20', 3460.76, 'Renovada', 91237357351, 9);
INSERT INTO apolices (numero_apolice, data_inicio, data_fim, valor_premio, status, renavam_veiculo, id_corretor) VALUES (96, '2022-05-05', '2023-05-05', 3620.08, 'Ativa', 48406833058, 6);
INSERT INTO apolices (numero_apolice, data_inicio, data_fim, valor_premio, status, renavam_veiculo, id_corretor) VALUES (97, '2023-03-30', '2024-03-29', 2412.51, 'Cancelada', 55013446536, 5);
INSERT INTO apolices (numero_apolice, data_inicio, data_fim, valor_premio, status, renavam_veiculo, id_corretor) VALUES (98, '2022-02-15', '2023-02-15', 3070.97, 'Renovada', 47614680175, 10);
INSERT INTO apolices (numero_apolice, data_inicio, data_fim, valor_premio, status, renavam_veiculo, id_corretor) VALUES (99, '2021-07-04', '2022-07-04', 3198.37, 'Renovada', 33068919140, 2);
INSERT INTO apolices (numero_apolice, data_inicio, data_fim, valor_premio, status, renavam_veiculo, id_corretor) VALUES (100, '2022-12-14', '2023-12-14', 2389.9, 'Cancelada', 5813426610, 10);
INSERT INTO apolices (numero_apolice, data_inicio, data_fim, valor_premio, status, renavam_veiculo, id_corretor) VALUES (101, '2022-02-03', '2023-02-03', 2819.04, 'Cancelada', 87055721252, 10);
INSERT INTO apolices (numero_apolice, data_inicio, data_fim, valor_premio, status, renavam_veiculo, id_corretor) VALUES (102, '2022-06-19', '2023-06-19', 1700.14, 'Renovada', 22380555919, 1);
INSERT INTO apolices (numero_apolice, data_inicio, data_fim, valor_premio, status, renavam_veiculo, id_corretor) VALUES (103, '2021-05-29', '2022-05-29', 3012.68, 'Cancelada', 44425648775, 9);
INSERT INTO apolices (numero_apolice, data_inicio, data_fim, valor_premio, status, renavam_veiculo, id_corretor) VALUES (104, '2022-06-12', '2023-06-12', 4504.45, 'Renovada', 12529222733, 9);
INSERT INTO apolices (numero_apolice, data_inicio, data_fim, valor_premio, status, renavam_veiculo, id_corretor) VALUES (105, '2023-02-12', '2024-02-12', 3252.67, 'Ativa', 84009850939, 8);
INSERT INTO apolices (numero_apolice, data_inicio, data_fim, valor_premio, status, renavam_veiculo, id_corretor) VALUES (106, '2023-07-29', '2024-07-28', 3726.38, 'Renovada', 16858537522, 6);
INSERT INTO apolices (numero_apolice, data_inicio, data_fim, valor_premio, status, renavam_veiculo, id_corretor) VALUES (107, '2021-08-27', '2022-08-27', 2031.28, 'Cancelada', 43401332901, 8);
INSERT INTO apolices (numero_apolice, data_inicio, data_fim, valor_premio, status, renavam_veiculo, id_corretor) VALUES (108, '2022-04-16', '2023-04-16', 4200.65, 'Cancelada', 7517257965, 4);
INSERT INTO apolices (numero_apolice, data_inicio, data_fim, valor_premio, status, renavam_veiculo, id_corretor) VALUES (109, '2021-01-20', '2022-01-20', 3803.27, 'Cancelada', 42476280280, 9);
INSERT INTO apolices (numero_apolice, data_inicio, data_fim, valor_premio, status, renavam_veiculo, id_corretor) VALUES (110, '2021-07-10', '2022-07-10', 2595.72, 'Renovada', 92686870350, 5);
INSERT INTO apolices (numero_apolice, data_inicio, data_fim, valor_premio, status, renavam_veiculo, id_corretor) VALUES (111, '2022-01-01', '2023-01-01', 2906.22, 'Cancelada', 35544599112, 2);
INSERT INTO apolices (numero_apolice, data_inicio, data_fim, valor_premio, status, renavam_veiculo, id_corretor) VALUES (112, '2022-07-06', '2023-07-06', 1731.14, 'Renovada', 79673232463, 10);
INSERT INTO apolices (numero_apolice, data_inicio, data_fim, valor_premio, status, renavam_veiculo, id_corretor) VALUES (113, '2023-10-19', '2024-10-18', 3948.45, 'Ativa', 11111252720, 4);
INSERT INTO apolices (numero_apolice, data_inicio, data_fim, valor_premio, status, renavam_veiculo, id_corretor) VALUES (114, '2022-06-28', '2023-06-28', 1827.11, 'Ativa', 71619347714, 4);
INSERT INTO apolices (numero_apolice, data_inicio, data_fim, valor_premio, status, renavam_veiculo, id_corretor) VALUES (115, '2022-12-31', '2023-12-31', 1623.98, 'Ativa', 92686870350, 10);
INSERT INTO apolices (numero_apolice, data_inicio, data_fim, valor_premio, status, renavam_veiculo, id_corretor) VALUES (116, '2023-10-06', '2024-10-05', 3455.31, 'Renovada', 9672825217, 2);
INSERT INTO apolices (numero_apolice, data_inicio, data_fim, valor_premio, status, renavam_veiculo, id_corretor) VALUES (117, '2023-01-31', '2024-01-31', 3482.67, 'Cancelada', 53856039757, 8);
INSERT INTO apolices (numero_apolice, data_inicio, data_fim, valor_premio, status, renavam_veiculo, id_corretor) VALUES (118, '2023-10-03', '2024-10-02', 1731.49, 'Renovada', 22380555919, 5);
INSERT INTO apolices (numero_apolice, data_inicio, data_fim, valor_premio, status, renavam_veiculo, id_corretor) VALUES (119, '2022-03-31', '2023-03-31', 4000.68, 'Ativa', 55780477592, 7);
INSERT INTO apolices (numero_apolice, data_inicio, data_fim, valor_premio, status, renavam_veiculo, id_corretor) VALUES (120, '2023-05-17', '2024-05-16', 2913.28, 'Renovada', 85319295201, 9);
INSERT INTO apolices (numero_apolice, data_inicio, data_fim, valor_premio, status, renavam_veiculo, id_corretor) VALUES (121, '2022-12-13', '2023-12-13', 2574.87, 'Renovada', 48406833058, 9);
INSERT INTO apolices (numero_apolice, data_inicio, data_fim, valor_premio, status, renavam_veiculo, id_corretor) VALUES (122, '2023-07-26', '2024-07-25', 4906.03, 'Renovada', 84267357171, 3);
INSERT INTO apolices (numero_apolice, data_inicio, data_fim, valor_premio, status, renavam_veiculo, id_corretor) VALUES (123, '2022-10-09', '2023-10-09', 3756.84, 'Ativa', 9217983059, 8);
INSERT INTO apolices (numero_apolice, data_inicio, data_fim, valor_premio, status, renavam_veiculo, id_corretor) VALUES (124, '2023-02-17', '2024-02-17', 3324.03, 'Cancelada', 9660643541, 4);
INSERT INTO apolices (numero_apolice, data_inicio, data_fim, valor_premio, status, renavam_veiculo, id_corretor) VALUES (125, '2022-06-16', '2023-06-16', 1748.61, 'Cancelada', 88555192595, 10);
INSERT INTO apolices (numero_apolice, data_inicio, data_fim, valor_premio, status, renavam_veiculo, id_corretor) VALUES (126, '2023-08-24', '2024-08-23', 4834.11, 'Cancelada', 54075256491, 5);
INSERT INTO apolices (numero_apolice, data_inicio, data_fim, valor_premio, status, renavam_veiculo, id_corretor) VALUES (127, '2023-10-19', '2024-10-18', 2695.77, 'Cancelada', 88555192595, 3);
INSERT INTO apolices (numero_apolice, data_inicio, data_fim, valor_premio, status, renavam_veiculo, id_corretor) VALUES (128, '2023-01-18', '2024-01-18', 4417.3, 'Cancelada', 27331448644, 6);
INSERT INTO apolices (numero_apolice, data_inicio, data_fim, valor_premio, status, renavam_veiculo, id_corretor) VALUES (129, '2021-09-26', '2022-09-26', 4917.09, 'Renovada', 51602504887, 3);
INSERT INTO apolices (numero_apolice, data_inicio, data_fim, valor_premio, status, renavam_veiculo, id_corretor) VALUES (130, '2022-07-07', '2023-07-07', 4216.35, 'Renovada', 51899580800, 2);
INSERT INTO apolices (numero_apolice, data_inicio, data_fim, valor_premio, status, renavam_veiculo, id_corretor) VALUES (131, '2022-02-06', '2023-02-06', 1583.37, 'Renovada', 57711728708, 7);
INSERT INTO apolices (numero_apolice, data_inicio, data_fim, valor_premio, status, renavam_veiculo, id_corretor) VALUES (132, '2021-01-20', '2022-01-20', 1706.43, 'Cancelada', 1345873192, 8);
INSERT INTO apolices (numero_apolice, data_inicio, data_fim, valor_premio, status, renavam_veiculo, id_corretor) VALUES (133, '2023-12-30', '2024-12-29', 3882.24, 'Cancelada', 78202693465, 9);
INSERT INTO apolices (numero_apolice, data_inicio, data_fim, valor_premio, status, renavam_veiculo, id_corretor) VALUES (134, '2021-04-08', '2022-04-08', 2593.61, 'Renovada', 74462677094, 5);
INSERT INTO apolices (numero_apolice, data_inicio, data_fim, valor_premio, status, renavam_veiculo, id_corretor) VALUES (135, '2022-03-18', '2023-03-18', 4255.27, 'Cancelada', 87657553918, 1);
INSERT INTO apolices (numero_apolice, data_inicio, data_fim, valor_premio, status, renavam_veiculo, id_corretor) VALUES (136, '2023-07-11', '2024-07-10', 3978.37, 'Cancelada', 9682782178, 2);
INSERT INTO apolices (numero_apolice, data_inicio, data_fim, valor_premio, status, renavam_veiculo, id_corretor) VALUES (137, '2022-06-12', '2023-06-12', 2376.56, 'Cancelada', 88555192595, 6);
INSERT INTO apolices (numero_apolice, data_inicio, data_fim, valor_premio, status, renavam_veiculo, id_corretor) VALUES (138, '2022-02-12', '2023-02-12', 3307.42, 'Renovada', 9672825217, 6);
INSERT INTO apolices (numero_apolice, data_inicio, data_fim, valor_premio, status, renavam_veiculo, id_corretor) VALUES (139, '2021-12-24', '2022-12-24', 4917.49, 'Cancelada', 89181039304, 9);
INSERT INTO apolices (numero_apolice, data_inicio, data_fim, valor_premio, status, renavam_veiculo, id_corretor) VALUES (140, '2023-11-12', '2024-11-11', 2949.97, 'Renovada', 42476280280, 6);
INSERT INTO apolices (numero_apolice, data_inicio, data_fim, valor_premio, status, renavam_veiculo, id_corretor) VALUES (141, '2023-02-20', '2024-02-20', 3454.66, 'Cancelada', 51602504887, 2);
INSERT INTO apolices (numero_apolice, data_inicio, data_fim, valor_premio, status, renavam_veiculo, id_corretor) VALUES (142, '2021-12-10', '2022-12-10', 3562.32, 'Cancelada', 9682782178, 3);
INSERT INTO apolices (numero_apolice, data_inicio, data_fim, valor_premio, status, renavam_veiculo, id_corretor) VALUES (143, '2023-04-09', '2024-04-08', 4395.6, 'Ativa', 79700200756, 10);
INSERT INTO apolices (numero_apolice, data_inicio, data_fim, valor_premio, status, renavam_veiculo, id_corretor) VALUES (144, '2022-12-05', '2023-12-05', 1912.87, 'Cancelada', 12340053234, 3);
INSERT INTO apolices (numero_apolice, data_inicio, data_fim, valor_premio, status, renavam_veiculo, id_corretor) VALUES (145, '2022-07-02', '2023-07-02', 3421.54, 'Cancelada', 89181039304, 5);
INSERT INTO apolices (numero_apolice, data_inicio, data_fim, valor_premio, status, renavam_veiculo, id_corretor) VALUES (146, '2023-01-14', '2024-01-14', 3991.58, 'Renovada', 6770176731, 8);
INSERT INTO apolices (numero_apolice, data_inicio, data_fim, valor_premio, status, renavam_veiculo, id_corretor) VALUES (147, '2021-12-09', '2022-12-09', 1735.54, 'Ativa', 51602504887, 7);
INSERT INTO apolices (numero_apolice, data_inicio, data_fim, valor_premio, status, renavam_veiculo, id_corretor) VALUES (148, '2022-05-31', '2023-05-31', 4761.75, 'Renovada', 59498419369, 4);
INSERT INTO apolices (numero_apolice, data_inicio, data_fim, valor_premio, status, renavam_veiculo, id_corretor) VALUES (149, '2022-03-08', '2023-03-08', 1667.64, 'Ativa', 54597961816, 2);
INSERT INTO apolices (numero_apolice, data_inicio, data_fim, valor_premio, status, renavam_veiculo, id_corretor) VALUES (150, '2023-08-28', '2024-08-27', 3193.73, 'Ativa', 14388652695, 2);
INSERT INTO coberturas (id_cobertura, tipo, descricao, valor_maximo) VALUES (1, 'Roubo', 'Proteção contra roubo', 78238.7);
INSERT INTO coberturas (id_cobertura, tipo, descricao, valor_maximo) VALUES (2, 'Colisão', 'Proteção contra colisão', 54778.37);
INSERT INTO coberturas (id_cobertura, tipo, descricao, valor_maximo) VALUES (3, 'Incêndio', 'Proteção contra incêndio', 99621.3);
INSERT INTO coberturas (id_cobertura, tipo, descricao, valor_maximo) VALUES (4, 'Terceiros', 'Proteção contra terceiros', 14873.2);
INSERT INTO coberturas (id_cobertura, tipo, descricao, valor_maximo) VALUES (5, 'Fenômenos naturais', 'Proteção contra fenômenos naturais', 63719.71);
INSERT INTO coberturas (id_cobertura, tipo, descricao, valor_maximo) VALUES (6, 'Vidros', 'Proteção contra vidros', 13009.57);
INSERT INTO coberturas (id_cobertura, tipo, descricao, valor_maximo) VALUES (7, 'Assistência 24h', 'Proteção contra assistência 24h', 93501.01);
INSERT INTO coberturas (id_cobertura, tipo, descricao, valor_maximo) VALUES (8, 'Carro reserva', 'Proteção contra carro reserva', 42035.39);
INSERT INTO oficinas (cnpj, nome, endereco, telefone, especialidade) VALUES (27415103984895, 'Oficina Carlos Barbosa', 'Avenida F606, Setor T', '(81) 96884-5783', 'Mecânica');
INSERT INTO oficinas (cnpj, nome, endereco, telefone, especialidade) VALUES (43230883409940, 'Oficina Camila Nascimento', 'Avenida T237, Setor Z', '(11) 85368-6632', 'Pintura');
INSERT INTO oficinas (cnpj, nome, endereco, telefone, especialidade) VALUES (82065766265210, 'Oficina Carlos Nascimento', 'Avenida D653, Setor O', '(81) 49735-0208', 'Mecânica');
INSERT INTO oficinas (cnpj, nome, endereco, telefone, especialidade) VALUES (11277214337947, 'Oficina Rafael Oliveira', 'Avenida Y975, Setor E', '(11) 46187-2346', 'Mecânica');
INSERT INTO oficinas (cnpj, nome, endereco, telefone, especialidade) VALUES (17274704759463, 'Oficina Rafael Pereira', 'Avenida U746, Setor B', '(91) 81474-3503', 'Mecânica');
INSERT INTO oficinas (cnpj, nome, endereco, telefone, especialidade) VALUES (24075329566172, 'Oficina Patrícia Oliveira', 'Avenida V634, Setor K', '(11) 05281-2735', 'Elétrica');
INSERT INTO oficinas (cnpj, nome, endereco, telefone, especialidade) VALUES (84163184426113, 'Oficina André Almeida', 'Avenida T937, Setor R', '(31) 18274-4857', 'Mecânica');
INSERT INTO oficinas (cnpj, nome, endereco, telefone, especialidade) VALUES (75786363098167, 'Oficina Carlos Mendes', 'Avenida J331, Setor N', '(61) 11810-2203', 'Mecânica');
INSERT INTO oficinas (cnpj, nome, endereco, telefone, especialidade) VALUES (40586572360924, 'Oficina Pedro Moreira', 'Avenida Z655, Setor B', '(61) 86509-4801', 'Elétrica');
INSERT INTO oficinas (cnpj, nome, endereco, telefone, especialidade) VALUES (2512316595577, 'Oficina Gustavo Gomes', 'Avenida V470, Setor W', '(71) 12286-8528', 'Pintura');
INSERT INTO oficinas (cnpj, nome, endereco, telefone, especialidade) VALUES (99598468325357, 'Oficina Gabriela Moreira', 'Avenida O983, Setor M', '(11) 04908-2404', 'Funilaria');
INSERT INTO oficinas (cnpj, nome, endereco, telefone, especialidade) VALUES (23798955504128, 'Oficina Beatriz Rodrigues', 'Avenida I831, Setor J', '(21) 96931-5727', 'Mecânica');
INSERT INTO oficinas (cnpj, nome, endereco, telefone, especialidade) VALUES (53750073848826, 'Oficina Mariana Silva', 'Avenida U797, Setor U', '(71) 04805-8925', 'Funilaria');
INSERT INTO oficinas (cnpj, nome, endereco, telefone, especialidade) VALUES (16997504713475, 'Oficina Marcos Oliveira', 'Avenida M514, Setor N', '(31) 27837-6938', 'Funilaria');
INSERT INTO oficinas (cnpj, nome, endereco, telefone, especialidade) VALUES (22465143136713, 'Oficina André Mendes', 'Avenida E452, Setor B', '(41) 35211-0392', 'Elétrica');
INSERT INTO oficinas (cnpj, nome, endereco, telefone, especialidade) VALUES (6140252524716, 'Oficina João Martins', 'Avenida S928, Setor V', '(91) 04204-3940', 'Pintura');
INSERT INTO oficinas (cnpj, nome, endereco, telefone, especialidade) VALUES (60328680862390, 'Oficina Rafael Ribeiro', 'Avenida T545, Setor C', '(31) 38780-0384', 'Elétrica');
INSERT INTO oficinas (cnpj, nome, endereco, telefone, especialidade) VALUES (47063399202399, 'Oficina Daniela Almeida', 'Avenida H156, Setor K', '(71) 21689-3639', 'Funilaria');
INSERT INTO oficinas (cnpj, nome, endereco, telefone, especialidade) VALUES (43641656216894, 'Oficina Carlos Cardoso', 'Avenida F326, Setor C', '(91) 81252-0566', 'Elétrica');
INSERT INTO oficinas (cnpj, nome, endereco, telefone, especialidade) VALUES (49892711762522, 'Oficina João Gomes', 'Avenida C705, Setor Y', '(81) 28975-2677', 'Funilaria');
INSERT INTO sinistros (id_sinistro, data_ocorrencia, descricao, local, valor_estimado, numero_apolice) VALUES (1, '2023-01-31', 'Roubo total', 'São Paulo', 33869.95, 42);
INSERT INTO sinistros (id_sinistro, data_ocorrencia, descricao, local, valor_estimado, numero_apolice) VALUES (2, '2023-07-07', 'Incêndio no motor', 'Rio de Janeiro', 59904.6, 4);
INSERT INTO sinistros (id_sinistro, data_ocorrencia, descricao, local, valor_estimado, numero_apolice) VALUES (3, '2023-02-23', 'Colisão frontal', 'Rio de Janeiro', 74314.05, 52);
INSERT INTO sinistros (id_sinistro, data_ocorrencia, descricao, local, valor_estimado, numero_apolice) VALUES (4, '2024-09-30', 'Danos por enchente', 'Curitiba', 71231.78, 113);
INSERT INTO sinistros (id_sinistro, data_ocorrencia, descricao, local, valor_estimado, numero_apolice) VALUES (5, '2024-04-09', 'Colisão frontal', 'Porto Alegre', 59355.88, 110);
INSERT INTO sinistros (id_sinistro, data_ocorrencia, descricao, local, valor_estimado, numero_apolice) VALUES (6, '2023-10-03', 'Incêndio no motor', 'Porto Alegre', 75252.85, 98);
INSERT INTO sinistros (id_sinistro, data_ocorrencia, descricao, local, valor_estimado, numero_apolice) VALUES (7, '2024-12-11', 'Colisão frontal', 'Porto Alegre', 10526.67, 147);
INSERT INTO sinistros (id_sinistro, data_ocorrencia, descricao, local, valor_estimado, numero_apolice) VALUES (8, '2022-03-28', 'Roubo total', 'Porto Alegre', 43953.79, 117);
INSERT INTO sinistros (id_sinistro, data_ocorrencia, descricao, local, valor_estimado, numero_apolice) VALUES (9, '2024-03-04', 'Colisão frontal', 'Rio de Janeiro', 24711.99, 11);
INSERT INTO sinistros (id_sinistro, data_ocorrencia, descricao, local, valor_estimado, numero_apolice) VALUES (10, '2023-09-16', 'Danos por enchente', 'Curitiba', 14985.95, 102);
INSERT INTO sinistros (id_sinistro, data_ocorrencia, descricao, local, valor_estimado, numero_apolice) VALUES (11, '2022-04-22', 'Roubo total', 'Curitiba', 66731.69, 76);
INSERT INTO sinistros (id_sinistro, data_ocorrencia, descricao, local, valor_estimado, numero_apolice) VALUES (12, '2022-07-05', 'Colisão frontal', 'Rio de Janeiro', 62741.03, 116);
INSERT INTO sinistros (id_sinistro, data_ocorrencia, descricao, local, valor_estimado, numero_apolice) VALUES (13, '2022-10-05', 'Incêndio no motor', 'Curitiba', 27229.95, 140);
INSERT INTO sinistros (id_sinistro, data_ocorrencia, descricao, local, valor_estimado, numero_apolice) VALUES (14, '2023-01-02', 'Incêndio no motor', 'Porto Alegre', 71936.17, 7);
INSERT INTO sinistros (id_sinistro, data_ocorrencia, descricao, local, valor_estimado, numero_apolice) VALUES (15, '2024-07-20', 'Colisão frontal', 'Belo Horizonte', 27277.83, 52);
INSERT INTO sinistros (id_sinistro, data_ocorrencia, descricao, local, valor_estimado, numero_apolice) VALUES (16, '2022-09-11', 'Colisão frontal', 'São Paulo', 57085.68, 42);
INSERT INTO sinistros (id_sinistro, data_ocorrencia, descricao, local, valor_estimado, numero_apolice) VALUES (17, '2022-06-24', 'Incêndio no motor', 'Porto Alegre', 49741.66, 93);
INSERT INTO sinistros (id_sinistro, data_ocorrencia, descricao, local, valor_estimado, numero_apolice) VALUES (18, '2024-02-15', 'Incêndio no motor', 'São Paulo', 61924.31, 41);
INSERT INTO sinistros (id_sinistro, data_ocorrencia, descricao, local, valor_estimado, numero_apolice) VALUES (19, '2022-11-04', 'Roubo total', 'Rio de Janeiro', 15951.61, 86);
INSERT INTO sinistros (id_sinistro, data_ocorrencia, descricao, local, valor_estimado, numero_apolice) VALUES (20, '2024-05-09', 'Danos por enchente', 'Belo Horizonte', 58952.62, 14);
INSERT INTO sinistros (id_sinistro, data_ocorrencia, descricao, local, valor_estimado, numero_apolice) VALUES (21, '2023-08-15', 'Roubo total', 'São Paulo', 72086.27, 115);
INSERT INTO sinistros (id_sinistro, data_ocorrencia, descricao, local, valor_estimado, numero_apolice) VALUES (22, '2022-01-08', 'Danos por enchente', 'São Paulo', 37774.13, 52);
INSERT INTO sinistros (id_sinistro, data_ocorrencia, descricao, local, valor_estimado, numero_apolice) VALUES (23, '2022-01-12', 'Incêndio no motor', 'Rio de Janeiro', 18916.16, 128);
INSERT INTO sinistros (id_sinistro, data_ocorrencia, descricao, local, valor_estimado, numero_apolice) VALUES (24, '2024-07-18', 'Incêndio no motor', 'Curitiba', 8193.58, 122);
INSERT INTO sinistros (id_sinistro, data_ocorrencia, descricao, local, valor_estimado, numero_apolice) VALUES (25, '2023-05-17', 'Danos por enchente', 'Porto Alegre', 51033.56, 2);
INSERT INTO sinistros (id_sinistro, data_ocorrencia, descricao, local, valor_estimado, numero_apolice) VALUES (26, '2022-04-11', 'Roubo total', 'Rio de Janeiro', 6294.99, 54);
INSERT INTO sinistros (id_sinistro, data_ocorrencia, descricao, local, valor_estimado, numero_apolice) VALUES (27, '2022-03-17', 'Roubo total', 'São Paulo', 54025.73, 90);
INSERT INTO sinistros (id_sinistro, data_ocorrencia, descricao, local, valor_estimado, numero_apolice) VALUES (28, '2023-11-10', 'Colisão frontal', 'São Paulo', 10493.24, 77);
INSERT INTO sinistros (id_sinistro, data_ocorrencia, descricao, local, valor_estimado, numero_apolice) VALUES (29, '2022-11-27', 'Danos por enchente', 'Porto Alegre', 53552.12, 46);
INSERT INTO sinistros (id_sinistro, data_ocorrencia, descricao, local, valor_estimado, numero_apolice) VALUES (30, '2022-12-30', 'Incêndio no motor', 'Porto Alegre', 30094.71, 147);
INSERT INTO sinistros (id_sinistro, data_ocorrencia, descricao, local, valor_estimado, numero_apolice) VALUES (31, '2022-07-10', 'Danos por enchente', 'Belo Horizonte', 30748.42, 10);
INSERT INTO sinistros (id_sinistro, data_ocorrencia, descricao, local, valor_estimado, numero_apolice) VALUES (32, '2022-05-19', 'Incêndio no motor', 'Porto Alegre', 7064.22, 98);
INSERT INTO sinistros (id_sinistro, data_ocorrencia, descricao, local, valor_estimado, numero_apolice) VALUES (33, '2022-10-03', 'Colisão frontal', 'Belo Horizonte', 27678.27, 121);
INSERT INTO sinistros (id_sinistro, data_ocorrencia, descricao, local, valor_estimado, numero_apolice) VALUES (34, '2024-12-10', 'Roubo total', 'Rio de Janeiro', 49740.19, 106);
INSERT INTO sinistros (id_sinistro, data_ocorrencia, descricao, local, valor_estimado, numero_apolice) VALUES (35, '2024-12-19', 'Colisão frontal', 'Curitiba', 58477.78, 28);
INSERT INTO sinistros (id_sinistro, data_ocorrencia, descricao, local, valor_estimado, numero_apolice) VALUES (36, '2024-05-24', 'Danos por enchente', 'Belo Horizonte', 42980.52, 74);
INSERT INTO sinistros (id_sinistro, data_ocorrencia, descricao, local, valor_estimado, numero_apolice) VALUES (37, '2022-09-23', 'Incêndio no motor', 'Porto Alegre', 58876.41, 91);
INSERT INTO sinistros (id_sinistro, data_ocorrencia, descricao, local, valor_estimado, numero_apolice) VALUES (38, '2024-10-05', 'Roubo total', 'Porto Alegre', 20152.29, 128);
INSERT INTO sinistros (id_sinistro, data_ocorrencia, descricao, local, valor_estimado, numero_apolice) VALUES (39, '2023-02-01', 'Colisão frontal', 'São Paulo', 3870.97, 75);
INSERT INTO sinistros (id_sinistro, data_ocorrencia, descricao, local, valor_estimado, numero_apolice) VALUES (40, '2023-03-01', 'Incêndio no motor', 'Curitiba', 5548.39, 31);
INSERT INTO sinistros (id_sinistro, data_ocorrencia, descricao, local, valor_estimado, numero_apolice) VALUES (41, '2023-03-11', 'Colisão frontal', 'Rio de Janeiro', 55821.33, 90);
INSERT INTO sinistros (id_sinistro, data_ocorrencia, descricao, local, valor_estimado, numero_apolice) VALUES (42, '2022-05-19', 'Danos por enchente', 'Belo Horizonte', 41521.79, 66);
INSERT INTO sinistros (id_sinistro, data_ocorrencia, descricao, local, valor_estimado, numero_apolice) VALUES (43, '2022-01-13', 'Colisão frontal', 'Belo Horizonte', 28626.2, 83);
INSERT INTO sinistros (id_sinistro, data_ocorrencia, descricao, local, valor_estimado, numero_apolice) VALUES (44, '2022-03-01', 'Roubo total', 'Rio de Janeiro', 27780.16, 146);
INSERT INTO sinistros (id_sinistro, data_ocorrencia, descricao, local, valor_estimado, numero_apolice) VALUES (45, '2024-09-08', 'Incêndio no motor', 'São Paulo', 52360.87, 87);
INSERT INTO sinistros (id_sinistro, data_ocorrencia, descricao, local, valor_estimado, numero_apolice) VALUES (46, '2022-11-15', 'Incêndio no motor', 'Porto Alegre', 71882.43, 124);
INSERT INTO sinistros (id_sinistro, data_ocorrencia, descricao, local, valor_estimado, numero_apolice) VALUES (47, '2024-04-27', 'Colisão frontal', 'Porto Alegre', 25348.81, 119);
INSERT INTO sinistros (id_sinistro, data_ocorrencia, descricao, local, valor_estimado, numero_apolice) VALUES (48, '2022-02-08', 'Roubo total', 'Porto Alegre', 55468.48, 81);
INSERT INTO sinistros (id_sinistro, data_ocorrencia, descricao, local, valor_estimado, numero_apolice) VALUES (49, '2022-05-16', 'Roubo total', 'Belo Horizonte', 67577.65, 91);
INSERT INTO sinistros (id_sinistro, data_ocorrencia, descricao, local, valor_estimado, numero_apolice) VALUES (50, '2024-02-08', 'Roubo total', 'Porto Alegre', 49243.75, 87);
INSERT INTO sinistros (id_sinistro, data_ocorrencia, descricao, local, valor_estimado, numero_apolice) VALUES (51, '2022-08-28', 'Danos por enchente', 'Belo Horizonte', 57367.52, 48);
INSERT INTO sinistros (id_sinistro, data_ocorrencia, descricao, local, valor_estimado, numero_apolice) VALUES (52, '2024-04-27', 'Colisão frontal', 'Curitiba', 70409.8, 70);
INSERT INTO sinistros (id_sinistro, data_ocorrencia, descricao, local, valor_estimado, numero_apolice) VALUES (53, '2024-07-14', 'Danos por enchente', 'Rio de Janeiro', 42957.83, 96);
INSERT INTO sinistros (id_sinistro, data_ocorrencia, descricao, local, valor_estimado, numero_apolice) VALUES (54, '2022-08-18', 'Danos por enchente', 'São Paulo', 62667.65, 45);
INSERT INTO sinistros (id_sinistro, data_ocorrencia, descricao, local, valor_estimado, numero_apolice) VALUES (55, '2024-06-27', 'Colisão frontal', 'Curitiba', 72586.55, 24);
INSERT INTO sinistros (id_sinistro, data_ocorrencia, descricao, local, valor_estimado, numero_apolice) VALUES (56, '2023-01-25', 'Danos por enchente', 'Curitiba', 59130.4, 40);
INSERT INTO sinistros (id_sinistro, data_ocorrencia, descricao, local, valor_estimado, numero_apolice) VALUES (57, '2023-09-28', 'Danos por enchente', 'Rio de Janeiro', 62019.55, 135);
INSERT INTO sinistros (id_sinistro, data_ocorrencia, descricao, local, valor_estimado, numero_apolice) VALUES (58, '2024-11-23', 'Roubo total', 'Rio de Janeiro', 58516.51, 26);
INSERT INTO sinistros (id_sinistro, data_ocorrencia, descricao, local, valor_estimado, numero_apolice) VALUES (59, '2024-03-04', 'Colisão frontal', 'São Paulo', 26256.54, 118);
INSERT INTO sinistros (id_sinistro, data_ocorrencia, descricao, local, valor_estimado, numero_apolice) VALUES (60, '2022-06-28', 'Danos por enchente', 'Curitiba', 71356.5, 12);
INSERT INTO sinistros (id_sinistro, data_ocorrencia, descricao, local, valor_estimado, numero_apolice) VALUES (61, '2024-12-02', 'Danos por enchente', 'São Paulo', 47049.67, 27);
INSERT INTO sinistros (id_sinistro, data_ocorrencia, descricao, local, valor_estimado, numero_apolice) VALUES (62, '2023-03-06', 'Danos por enchente', 'Rio de Janeiro', 17018.56, 80);
INSERT INTO sinistros (id_sinistro, data_ocorrencia, descricao, local, valor_estimado, numero_apolice) VALUES (63, '2024-12-26', 'Danos por enchente', 'Curitiba', 54347.68, 71);
INSERT INTO sinistros (id_sinistro, data_ocorrencia, descricao, local, valor_estimado, numero_apolice) VALUES (64, '2022-11-02', 'Roubo total', 'Belo Horizonte', 10927.91, 70);
INSERT INTO sinistros (id_sinistro, data_ocorrencia, descricao, local, valor_estimado, numero_apolice) VALUES (65, '2024-11-18', 'Colisão frontal', 'Rio de Janeiro', 44317.24, 144);
INSERT INTO sinistros (id_sinistro, data_ocorrencia, descricao, local, valor_estimado, numero_apolice) VALUES (66, '2023-10-15', 'Danos por enchente', 'Rio de Janeiro', 75575.67, 141);
INSERT INTO sinistros (id_sinistro, data_ocorrencia, descricao, local, valor_estimado, numero_apolice) VALUES (67, '2023-05-17', 'Roubo total', 'São Paulo', 26287.45, 73);
INSERT INTO sinistros (id_sinistro, data_ocorrencia, descricao, local, valor_estimado, numero_apolice) VALUES (68, '2024-06-27', 'Colisão frontal', 'Rio de Janeiro', 4261.43, 87);
INSERT INTO sinistros (id_sinistro, data_ocorrencia, descricao, local, valor_estimado, numero_apolice) VALUES (69, '2022-08-05', 'Incêndio no motor', 'São Paulo', 8717.33, 13);
INSERT INTO sinistros (id_sinistro, data_ocorrencia, descricao, local, valor_estimado, numero_apolice) VALUES (70, '2023-01-02', 'Incêndio no motor', 'Porto Alegre', 29738.7, 101);
INSERT INTO sinistros (id_sinistro, data_ocorrencia, descricao, local, valor_estimado, numero_apolice) VALUES (71, '2023-02-10', 'Colisão frontal', 'Curitiba', 46287.57, 86);
INSERT INTO sinistros (id_sinistro, data_ocorrencia, descricao, local, valor_estimado, numero_apolice) VALUES (72, '2024-08-17', 'Colisão frontal', 'Curitiba', 26210.55, 24);
INSERT INTO sinistros (id_sinistro, data_ocorrencia, descricao, local, valor_estimado, numero_apolice) VALUES (73, '2024-08-21', 'Roubo total', 'Rio de Janeiro', 13210.29, 120);
INSERT INTO sinistros (id_sinistro, data_ocorrencia, descricao, local, valor_estimado, numero_apolice) VALUES (74, '2024-01-15', 'Incêndio no motor', 'Rio de Janeiro', 56569.94, 67);
INSERT INTO sinistros (id_sinistro, data_ocorrencia, descricao, local, valor_estimado, numero_apolice) VALUES (75, '2023-10-28', 'Incêndio no motor', 'Curitiba', 4360.6, 85);
INSERT INTO sinistros (id_sinistro, data_ocorrencia, descricao, local, valor_estimado, numero_apolice) VALUES (76, '2022-08-20', 'Danos por enchente', 'Curitiba', 37976.85, 122);
INSERT INTO sinistros (id_sinistro, data_ocorrencia, descricao, local, valor_estimado, numero_apolice) VALUES (77, '2023-08-02', 'Danos por enchente', 'Porto Alegre', 46824.9, 44);
INSERT INTO sinistros (id_sinistro, data_ocorrencia, descricao, local, valor_estimado, numero_apolice) VALUES (78, '2022-07-30', 'Incêndio no motor', 'São Paulo', 27417.84, 131);
INSERT INTO sinistros (id_sinistro, data_ocorrencia, descricao, local, valor_estimado, numero_apolice) VALUES (79, '2023-09-11', 'Incêndio no motor', 'Curitiba', 48061.8, 19);
INSERT INTO sinistros (id_sinistro, data_ocorrencia, descricao, local, valor_estimado, numero_apolice) VALUES (80, '2023-05-15', 'Roubo total', 'Curitiba', 31937.68, 62);
INSERT INTO sinistros (id_sinistro, data_ocorrencia, descricao, local, valor_estimado, numero_apolice) VALUES (81, '2023-03-03', 'Incêndio no motor', 'Curitiba', 46242.47, 88);
INSERT INTO sinistros (id_sinistro, data_ocorrencia, descricao, local, valor_estimado, numero_apolice) VALUES (82, '2023-04-29', 'Roubo total', 'São Paulo', 59670.63, 88);
INSERT INTO sinistros (id_sinistro, data_ocorrencia, descricao, local, valor_estimado, numero_apolice) VALUES (83, '2024-09-23', 'Colisão frontal', 'Porto Alegre', 48493.89, 147);
INSERT INTO sinistros (id_sinistro, data_ocorrencia, descricao, local, valor_estimado, numero_apolice) VALUES (84, '2022-07-19', 'Incêndio no motor', 'Rio de Janeiro', 26026.79, 84);
INSERT INTO sinistros (id_sinistro, data_ocorrencia, descricao, local, valor_estimado, numero_apolice) VALUES (85, '2022-05-23', 'Colisão frontal', 'Porto Alegre', 62164.78, 104);
INSERT INTO sinistros (id_sinistro, data_ocorrencia, descricao, local, valor_estimado, numero_apolice) VALUES (86, '2023-11-02', 'Incêndio no motor', 'São Paulo', 9061.57, 98);
INSERT INTO sinistros (id_sinistro, data_ocorrencia, descricao, local, valor_estimado, numero_apolice) VALUES (87, '2022-01-01', 'Roubo total', 'Rio de Janeiro', 37332.0, 36);
INSERT INTO sinistros (id_sinistro, data_ocorrencia, descricao, local, valor_estimado, numero_apolice) VALUES (88, '2024-03-09', 'Incêndio no motor', 'Rio de Janeiro', 18041.61, 75);
INSERT INTO sinistros (id_sinistro, data_ocorrencia, descricao, local, valor_estimado, numero_apolice) VALUES (89, '2023-09-06', 'Danos por enchente', 'Curitiba', 57987.72, 82);
INSERT INTO sinistros (id_sinistro, data_ocorrencia, descricao, local, valor_estimado, numero_apolice) VALUES (90, '2022-07-02', 'Colisão frontal', 'Porto Alegre', 78940.89, 89);
INSERT INTO sinistros (id_sinistro, data_ocorrencia, descricao, local, valor_estimado, numero_apolice) VALUES (91, '2022-09-19', 'Danos por enchente', 'São Paulo', 30799.39, 104);
INSERT INTO sinistros (id_sinistro, data_ocorrencia, descricao, local, valor_estimado, numero_apolice) VALUES (92, '2022-04-19', 'Colisão frontal', 'Porto Alegre', 66018.76, 141);
INSERT INTO sinistros (id_sinistro, data_ocorrencia, descricao, local, valor_estimado, numero_apolice) VALUES (93, '2022-08-13', 'Danos por enchente', 'São Paulo', 20348.81, 92);
INSERT INTO sinistros (id_sinistro, data_ocorrencia, descricao, local, valor_estimado, numero_apolice) VALUES (94, '2023-10-14', 'Incêndio no motor', 'Curitiba', 31762.07, 101);
INSERT INTO sinistros (id_sinistro, data_ocorrencia, descricao, local, valor_estimado, numero_apolice) VALUES (95, '2023-03-09', 'Roubo total', 'Curitiba', 12847.37, 140);
INSERT INTO sinistros (id_sinistro, data_ocorrencia, descricao, local, valor_estimado, numero_apolice) VALUES (96, '2024-02-27', 'Danos por enchente', 'Curitiba', 14032.85, 143);
INSERT INTO sinistros (id_sinistro, data_ocorrencia, descricao, local, valor_estimado, numero_apolice) VALUES (97, '2022-10-03', 'Colisão frontal', 'São Paulo', 52574.36, 33);
INSERT INTO sinistros (id_sinistro, data_ocorrencia, descricao, local, valor_estimado, numero_apolice) VALUES (98, '2024-09-23', 'Incêndio no motor', 'Rio de Janeiro', 8603.75, 37);
INSERT INTO sinistros (id_sinistro, data_ocorrencia, descricao, local, valor_estimado, numero_apolice) VALUES (99, '2024-07-22', 'Incêndio no motor', 'Porto Alegre', 16024.2, 107);
INSERT INTO sinistros (id_sinistro, data_ocorrencia, descricao, local, valor_estimado, numero_apolice) VALUES (100, '2024-05-18', 'Incêndio no motor', 'Curitiba', 29713.96, 131);
INSERT INTO apolice_cobertura (numero_apolice, id_cobertura, valor_especifico, franquia, percentual_cobertura) VALUES (1.0, 7.0, 1687.28, 2741.71, 86.55);
INSERT INTO apolice_cobertura (numero_apolice, id_cobertura, valor_especifico, franquia, percentual_cobertura) VALUES (1.0, 5.0, 45664.59, 1711.63, 96.33);
INSERT INTO apolice_cobertura (numero_apolice, id_cobertura, valor_especifico, franquia, percentual_cobertura) VALUES (2.0, 6.0, 6803.84, 2158.6, 79.01);
INSERT INTO apolice_cobertura (numero_apolice, id_cobertura, valor_especifico, franquia, percentual_cobertura) VALUES (2.0, 1.0, 75283.37, 860.28, 86.51);
INSERT INTO apolice_cobertura (numero_apolice, id_cobertura, valor_especifico, franquia, percentual_cobertura) VALUES (2.0, 7.0, 49693.28, 4367.08, 87.53);
INSERT INTO apolice_cobertura (numero_apolice, id_cobertura, valor_especifico, franquia, percentual_cobertura) VALUES (2.0, 5.0, 18525.16, 2826.27, 76.17);
INSERT INTO apolice_cobertura (numero_apolice, id_cobertura, valor_especifico, franquia, percentual_cobertura) VALUES (3.0, 2.0, 37788.39, 2926.39, 78.98);
INSERT INTO apolice_cobertura (numero_apolice, id_cobertura, valor_especifico, franquia, percentual_cobertura) VALUES (3.0, 8.0, 26156.3, 4566.13, 76.75);
INSERT INTO apolice_cobertura (numero_apolice, id_cobertura, valor_especifico, franquia, percentual_cobertura) VALUES (3.0, 4.0, 1149.6, 2543.16, 95.3);
INSERT INTO apolice_cobertura (numero_apolice, id_cobertura, valor_especifico, franquia, percentual_cobertura) VALUES (3.0, 1.0, 45332.33, 1991.81, 67.65);
INSERT INTO apolice_cobertura (numero_apolice, id_cobertura, valor_especifico, franquia, percentual_cobertura) VALUES (4.0, 5.0, 44593.41, 3189.36, 65.2);
INSERT INTO apolice_cobertura (numero_apolice, id_cobertura, valor_especifico, franquia, percentual_cobertura) VALUES (4.0, 2.0, 43217.18, 1671.99, 81.47);
INSERT INTO apolice_cobertura (numero_apolice, id_cobertura, valor_especifico, franquia, percentual_cobertura) VALUES (4.0, 1.0, 45654.87, 3077.87, 82.82);
INSERT INTO apolice_cobertura (numero_apolice, id_cobertura, valor_especifico, franquia, percentual_cobertura) VALUES (5.0, 1.0, 7372.98, 2775.18, 92.57);
INSERT INTO apolice_cobertura (numero_apolice, id_cobertura, valor_especifico, franquia, percentual_cobertura) VALUES (5.0, 3.0, 28401.81, 1096.42, 64.05);
INSERT INTO apolice_cobertura (numero_apolice, id_cobertura, valor_especifico, franquia, percentual_cobertura) VALUES (5.0, 4.0, 12901.24, 563.91, 55.58);
INSERT INTO apolice_cobertura (numero_apolice, id_cobertura, valor_especifico, franquia, percentual_cobertura) VALUES (6.0, 3.0, 45049.52, 4135.28, 63.06);
INSERT INTO apolice_cobertura (numero_apolice, id_cobertura, valor_especifico, franquia, percentual_cobertura) VALUES (6.0, 6.0, 9416.0, 2682.13, 89.97);
INSERT INTO apolice_cobertura (numero_apolice, id_cobertura, valor_especifico, franquia, percentual_cobertura) VALUES (7.0, 6.0, 12617.41, 3179.95, 91.09);
INSERT INTO apolice_cobertura (numero_apolice, id_cobertura, valor_especifico, franquia, percentual_cobertura) VALUES (7.0, 1.0, 65696.23, 3887.43, 70.65);
INSERT INTO apolice_cobertura (numero_apolice, id_cobertura, valor_especifico, franquia, percentual_cobertura) VALUES (8.0, 4.0, 11071.93, 1252.77, 78.89);
INSERT INTO apolice_cobertura (numero_apolice, id_cobertura, valor_especifico, franquia, percentual_cobertura) VALUES (8.0, 6.0, 11110.05, 744.47, 63.22);
INSERT INTO apolice_cobertura (numero_apolice, id_cobertura, valor_especifico, franquia, percentual_cobertura) VALUES (8.0, 8.0, 34629.77, 736.35, 73.2);
INSERT INTO apolice_cobertura (numero_apolice, id_cobertura, valor_especifico, franquia, percentual_cobertura) VALUES (9.0, 5.0, 60474.08, 4651.07, 61.68);
INSERT INTO apolice_cobertura (numero_apolice, id_cobertura, valor_especifico, franquia, percentual_cobertura) VALUES (9.0, 4.0, 10482.47, 2255.32, 63.13);
INSERT INTO apolice_cobertura (numero_apolice, id_cobertura, valor_especifico, franquia, percentual_cobertura) VALUES (9.0, 6.0, 7370.38, 2456.3, 64.44);
INSERT INTO apolice_cobertura (numero_apolice, id_cobertura, valor_especifico, franquia, percentual_cobertura) VALUES (10.0, 7.0, 89964.02, 3572.94, 52.05);
INSERT INTO apolice_cobertura (numero_apolice, id_cobertura, valor_especifico, franquia, percentual_cobertura) VALUES (10.0, 6.0, 12021.33, 3368.41, 97.81);
INSERT INTO apolice_cobertura (numero_apolice, id_cobertura, valor_especifico, franquia, percentual_cobertura) VALUES (10.0, 3.0, 43583.28, 4631.19, 92.92);
INSERT INTO apolice_cobertura (numero_apolice, id_cobertura, valor_especifico, franquia, percentual_cobertura) VALUES (11.0, 5.0, 17015.1, 3128.8, 73.06);
INSERT INTO apolice_cobertura (numero_apolice, id_cobertura, valor_especifico, franquia, percentual_cobertura) VALUES (11.0, 3.0, 67598.09, 1588.09, 83.59);
INSERT INTO apolice_cobertura (numero_apolice, id_cobertura, valor_especifico, franquia, percentual_cobertura) VALUES (11.0, 1.0, 60512.21, 2839.79, 83.89);
INSERT INTO apolice_cobertura (numero_apolice, id_cobertura, valor_especifico, franquia, percentual_cobertura) VALUES (12.0, 6.0, 1127.04, 538.14, 53.4);
INSERT INTO apolice_cobertura (numero_apolice, id_cobertura, valor_especifico, franquia, percentual_cobertura) VALUES (12.0, 5.0, 26793.4, 2863.69, 84.27);
INSERT INTO apolice_cobertura (numero_apolice, id_cobertura, valor_especifico, franquia, percentual_cobertura) VALUES (13.0, 4.0, 4494.61, 653.19, 80.97);
INSERT INTO apolice_cobertura (numero_apolice, id_cobertura, valor_especifico, franquia, percentual_cobertura) VALUES (13.0, 6.0, 1683.13, 3173.62, 94.7);
INSERT INTO apolice_cobertura (numero_apolice, id_cobertura, valor_especifico, franquia, percentual_cobertura) VALUES (13.0, 3.0, 22383.54, 3197.23, 56.09);
INSERT INTO apolice_cobertura (numero_apolice, id_cobertura, valor_especifico, franquia, percentual_cobertura) VALUES (14.0, 2.0, 33519.02, 2191.81, 88.19);
INSERT INTO apolice_cobertura (numero_apolice, id_cobertura, valor_especifico, franquia, percentual_cobertura) VALUES (14.0, 7.0, 60931.94, 4114.4, 59.24);
INSERT INTO apolice_cobertura (numero_apolice, id_cobertura, valor_especifico, franquia, percentual_cobertura) VALUES (15.0, 3.0, 30050.74, 3472.15, 53.79);
INSERT INTO apolice_cobertura (numero_apolice, id_cobertura, valor_especifico, franquia, percentual_cobertura) VALUES (15.0, 8.0, 19607.24, 4978.61, 88.47);
INSERT INTO apolice_cobertura (numero_apolice, id_cobertura, valor_especifico, franquia, percentual_cobertura) VALUES (16.0, 6.0, 4330.1, 780.74, 69.43);
INSERT INTO apolice_cobertura (numero_apolice, id_cobertura, valor_especifico, franquia, percentual_cobertura) VALUES (16.0, 3.0, 99222.73, 1662.07, 90.64);
INSERT INTO apolice_cobertura (numero_apolice, id_cobertura, valor_especifico, franquia, percentual_cobertura) VALUES (16.0, 2.0, 10568.76, 812.29, 98.97);
INSERT INTO apolice_cobertura (numero_apolice, id_cobertura, valor_especifico, franquia, percentual_cobertura) VALUES (16.0, 1.0, 16499.42, 2266.86, 82.27);
INSERT INTO apolice_cobertura (numero_apolice, id_cobertura, valor_especifico, franquia, percentual_cobertura) VALUES (17.0, 3.0, 76810.92, 1482.74, 82.17);
INSERT INTO apolice_cobertura (numero_apolice, id_cobertura, valor_especifico, franquia, percentual_cobertura) VALUES (17.0, 5.0, 58238.59, 3719.3, 55.16);
INSERT INTO apolice_cobertura (numero_apolice, id_cobertura, valor_especifico, franquia, percentual_cobertura) VALUES (18.0, 2.0, 40126.19, 3997.57, 50.94);
INSERT INTO apolice_cobertura (numero_apolice, id_cobertura, valor_especifico, franquia, percentual_cobertura) VALUES (18.0, 5.0, 32215.69, 3437.89, 50.04);
INSERT INTO apolice_cobertura (numero_apolice, id_cobertura, valor_especifico, franquia, percentual_cobertura) VALUES (19.0, 7.0, 15023.84, 1984.24, 69.57);
INSERT INTO apolice_cobertura (numero_apolice, id_cobertura, valor_especifico, franquia, percentual_cobertura) VALUES (19.0, 3.0, 1365.27, 3684.23, 88.55);
INSERT INTO apolice_cobertura (numero_apolice, id_cobertura, valor_especifico, franquia, percentual_cobertura) VALUES (20.0, 7.0, 73237.46, 4034.22, 77.01);
INSERT INTO apolice_cobertura (numero_apolice, id_cobertura, valor_especifico, franquia, percentual_cobertura) VALUES (20.0, 4.0, 1045.88, 4793.7, 90.9);
INSERT INTO apolice_cobertura (numero_apolice, id_cobertura, valor_especifico, franquia, percentual_cobertura) VALUES (20.0, 6.0, 6789.41, 3052.6, 96.75);
INSERT INTO apolice_cobertura (numero_apolice, id_cobertura, valor_especifico, franquia, percentual_cobertura) VALUES (21.0, 6.0, 5811.21, 3345.23, 97.94);
INSERT INTO apolice_cobertura (numero_apolice, id_cobertura, valor_especifico, franquia, percentual_cobertura) VALUES (21.0, 8.0, 4720.55, 2905.82, 98.05);
INSERT INTO apolice_cobertura (numero_apolice, id_cobertura, valor_especifico, franquia, percentual_cobertura) VALUES (21.0, 3.0, 8934.75, 2568.38, 88.33);
INSERT INTO apolice_cobertura (numero_apolice, id_cobertura, valor_especifico, franquia, percentual_cobertura) VALUES (22.0, 4.0, 14422.5, 3473.3, 64.94);
INSERT INTO apolice_cobertura (numero_apolice, id_cobertura, valor_especifico, franquia, percentual_cobertura) VALUES (22.0, 2.0, 21979.2, 980.46, 84.44);
INSERT INTO apolice_cobertura (numero_apolice, id_cobertura, valor_especifico, franquia, percentual_cobertura) VALUES (22.0, 5.0, 31513.36, 4483.46, 71.9);
INSERT INTO apolice_cobertura (numero_apolice, id_cobertura, valor_especifico, franquia, percentual_cobertura) VALUES (22.0, 1.0, 15633.99, 660.64, 51.27);
INSERT INTO apolice_cobertura (numero_apolice, id_cobertura, valor_especifico, franquia, percentual_cobertura) VALUES (23.0, 4.0, 11997.83, 3395.33, 74.98);
INSERT INTO apolice_cobertura (numero_apolice, id_cobertura, valor_especifico, franquia, percentual_cobertura) VALUES (23.0, 8.0, 40597.26, 4153.0, 98.33);
INSERT INTO apolice_cobertura (numero_apolice, id_cobertura, valor_especifico, franquia, percentual_cobertura) VALUES (23.0, 7.0, 2518.71, 2026.78, 66.89);
INSERT INTO apolice_cobertura (numero_apolice, id_cobertura, valor_especifico, franquia, percentual_cobertura) VALUES (23.0, 1.0, 56690.03, 2324.79, 60.58);
INSERT INTO apolice_cobertura (numero_apolice, id_cobertura, valor_especifico, franquia, percentual_cobertura) VALUES (24.0, 8.0, 31409.34, 1548.44, 53.6);
INSERT INTO apolice_cobertura (numero_apolice, id_cobertura, valor_especifico, franquia, percentual_cobertura) VALUES (24.0, 6.0, 9832.56, 2700.03, 50.95);
INSERT INTO apolice_cobertura (numero_apolice, id_cobertura, valor_especifico, franquia, percentual_cobertura) VALUES (24.0, 5.0, 57898.0, 3282.67, 62.13);
INSERT INTO apolice_cobertura (numero_apolice, id_cobertura, valor_especifico, franquia, percentual_cobertura) VALUES (24.0, 2.0, 35890.68, 564.64, 81.63);
INSERT INTO apolice_cobertura (numero_apolice, id_cobertura, valor_especifico, franquia, percentual_cobertura) VALUES (25.0, 2.0, 10179.4, 3159.69, 90.89);
INSERT INTO apolice_cobertura (numero_apolice, id_cobertura, valor_especifico, franquia, percentual_cobertura) VALUES (25.0, 4.0, 2475.15, 2737.15, 89.96);
INSERT INTO apolice_cobertura (numero_apolice, id_cobertura, valor_especifico, franquia, percentual_cobertura) VALUES (25.0, 5.0, 14834.24, 4120.04, 71.31);
INSERT INTO apolice_cobertura (numero_apolice, id_cobertura, valor_especifico, franquia, percentual_cobertura) VALUES (26.0, 7.0, 51494.9, 1947.15, 98.23);
INSERT INTO apolice_cobertura (numero_apolice, id_cobertura, valor_especifico, franquia, percentual_cobertura) VALUES (26.0, 3.0, 22029.2, 705.14, 58.67);
INSERT INTO apolice_cobertura (numero_apolice, id_cobertura, valor_especifico, franquia, percentual_cobertura) VALUES (26.0, 1.0, 5883.18, 1732.52, 87.88);
INSERT INTO apolice_cobertura (numero_apolice, id_cobertura, valor_especifico, franquia, percentual_cobertura) VALUES (26.0, 5.0, 11540.1, 2164.67, 58.25);
INSERT INTO apolice_cobertura (numero_apolice, id_cobertura, valor_especifico, franquia, percentual_cobertura) VALUES (27.0, 1.0, 8721.39, 4313.15, 80.62);
INSERT INTO apolice_cobertura (numero_apolice, id_cobertura, valor_especifico, franquia, percentual_cobertura) VALUES (27.0, 2.0, 42821.38, 570.34, 74.35);
INSERT INTO apolice_cobertura (numero_apolice, id_cobertura, valor_especifico, franquia, percentual_cobertura) VALUES (28.0, 1.0, 72533.61, 3680.34, 79.69);
INSERT INTO apolice_cobertura (numero_apolice, id_cobertura, valor_especifico, franquia, percentual_cobertura) VALUES (28.0, 2.0, 16258.62, 3620.77, 89.61);
INSERT INTO apolice_cobertura (numero_apolice, id_cobertura, valor_especifico, franquia, percentual_cobertura) VALUES (29.0, 3.0, 64100.44, 2853.89, 70.6);
INSERT INTO apolice_cobertura (numero_apolice, id_cobertura, valor_especifico, franquia, percentual_cobertura) VALUES (29.0, 2.0, 51448.93, 3247.42, 51.88);
INSERT INTO apolice_cobertura (numero_apolice, id_cobertura, valor_especifico, franquia, percentual_cobertura) VALUES (29.0, 7.0, 17650.22, 2749.49, 97.51);
INSERT INTO apolice_cobertura (numero_apolice, id_cobertura, valor_especifico, franquia, percentual_cobertura) VALUES (30.0, 5.0, 35979.43, 1363.56, 99.33);
INSERT INTO apolice_cobertura (numero_apolice, id_cobertura, valor_especifico, franquia, percentual_cobertura) VALUES (30.0, 3.0, 97332.45, 3285.14, 93.14);
INSERT INTO apolice_cobertura (numero_apolice, id_cobertura, valor_especifico, franquia, percentual_cobertura) VALUES (30.0, 4.0, 14689.83, 2783.93, 73.21);
INSERT INTO apolice_cobertura (numero_apolice, id_cobertura, valor_especifico, franquia, percentual_cobertura) VALUES (30.0, 1.0, 49387.28, 1436.49, 52.65);
INSERT INTO apolice_cobertura (numero_apolice, id_cobertura, valor_especifico, franquia, percentual_cobertura) VALUES (31.0, 3.0, 84214.85, 4601.68, 74.88);
INSERT INTO apolice_cobertura (numero_apolice, id_cobertura, valor_especifico, franquia, percentual_cobertura) VALUES (31.0, 6.0, 2918.64, 4652.03, 52.7);
INSERT INTO apolice_cobertura (numero_apolice, id_cobertura, valor_especifico, franquia, percentual_cobertura) VALUES (32.0, 5.0, 16766.59, 3275.69, 94.5);
INSERT INTO apolice_cobertura (numero_apolice, id_cobertura, valor_especifico, franquia, percentual_cobertura) VALUES (32.0, 2.0, 25369.54, 969.89, 52.62);
INSERT INTO apolice_cobertura (numero_apolice, id_cobertura, valor_especifico, franquia, percentual_cobertura) VALUES (32.0, 4.0, 8454.91, 1211.21, 51.45);
INSERT INTO apolice_cobertura (numero_apolice, id_cobertura, valor_especifico, franquia, percentual_cobertura) VALUES (33.0, 2.0, 32874.8, 1966.88, 59.94);
INSERT INTO apolice_cobertura (numero_apolice, id_cobertura, valor_especifico, franquia, percentual_cobertura) VALUES (33.0, 1.0, 53279.21, 1965.58, 88.95);
INSERT INTO apolice_cobertura (numero_apolice, id_cobertura, valor_especifico, franquia, percentual_cobertura) VALUES (33.0, 8.0, 14382.96, 941.29, 86.89);
INSERT INTO apolice_cobertura (numero_apolice, id_cobertura, valor_especifico, franquia, percentual_cobertura) VALUES (33.0, 4.0, 13068.11, 2189.9, 61.03);
INSERT INTO apolice_cobertura (numero_apolice, id_cobertura, valor_especifico, franquia, percentual_cobertura) VALUES (34.0, 8.0, 6947.72, 4675.49, 72.75);
INSERT INTO apolice_cobertura (numero_apolice, id_cobertura, valor_especifico, franquia, percentual_cobertura) VALUES (34.0, 1.0, 30916.89, 1113.82, 85.99);
INSERT INTO apolice_cobertura (numero_apolice, id_cobertura, valor_especifico, franquia, percentual_cobertura) VALUES (34.0, 4.0, 9768.16, 4890.0, 60.11);
INSERT INTO apolice_cobertura (numero_apolice, id_cobertura, valor_especifico, franquia, percentual_cobertura) VALUES (35.0, 1.0, 44923.01, 1762.72, 55.56);
INSERT INTO apolice_cobertura (numero_apolice, id_cobertura, valor_especifico, franquia, percentual_cobertura) VALUES (35.0, 6.0, 6590.87, 2382.01, 88.02);
INSERT INTO apolice_cobertura (numero_apolice, id_cobertura, valor_especifico, franquia, percentual_cobertura) VALUES (36.0, 5.0, 10833.71, 4075.54, 97.64);
INSERT INTO apolice_cobertura (numero_apolice, id_cobertura, valor_especifico, franquia, percentual_cobertura) VALUES (36.0, 8.0, 38160.75, 3101.55, 77.64);
INSERT INTO apolice_cobertura (numero_apolice, id_cobertura, valor_especifico, franquia, percentual_cobertura) VALUES (37.0, 2.0, 47086.65, 2701.46, 99.78);
INSERT INTO apolice_cobertura (numero_apolice, id_cobertura, valor_especifico, franquia, percentual_cobertura) VALUES (37.0, 4.0, 9207.12, 4266.45, 63.96);
INSERT INTO apolice_cobertura (numero_apolice, id_cobertura, valor_especifico, franquia, percentual_cobertura) VALUES (38.0, 7.0, 31275.21, 3107.6, 94.59);
INSERT INTO apolice_cobertura (numero_apolice, id_cobertura, valor_especifico, franquia, percentual_cobertura) VALUES (38.0, 6.0, 8106.92, 1170.36, 78.69);
INSERT INTO apolice_cobertura (numero_apolice, id_cobertura, valor_especifico, franquia, percentual_cobertura) VALUES (38.0, 2.0, 1273.06, 4910.83, 52.0);
INSERT INTO apolice_cobertura (numero_apolice, id_cobertura, valor_especifico, franquia, percentual_cobertura) VALUES (38.0, 8.0, 20313.41, 3958.73, 51.68);
INSERT INTO apolice_cobertura (numero_apolice, id_cobertura, valor_especifico, franquia, percentual_cobertura) VALUES (39.0, 7.0, 42851.28, 1582.3, 77.92);
INSERT INTO apolice_cobertura (numero_apolice, id_cobertura, valor_especifico, franquia, percentual_cobertura) VALUES (39.0, 4.0, 1172.35, 3793.04, 97.5);
INSERT INTO apolice_cobertura (numero_apolice, id_cobertura, valor_especifico, franquia, percentual_cobertura) VALUES (39.0, 6.0, 2593.81, 1831.06, 82.38);
INSERT INTO apolice_cobertura (numero_apolice, id_cobertura, valor_especifico, franquia, percentual_cobertura) VALUES (39.0, 1.0, 8007.83, 2659.02, 65.24);
INSERT INTO apolice_cobertura (numero_apolice, id_cobertura, valor_especifico, franquia, percentual_cobertura) VALUES (40.0, 8.0, 2001.82, 2546.78, 88.59);
INSERT INTO apolice_cobertura (numero_apolice, id_cobertura, valor_especifico, franquia, percentual_cobertura) VALUES (40.0, 7.0, 81864.29, 2324.12, 89.49);
INSERT INTO apolice_cobertura (numero_apolice, id_cobertura, valor_especifico, franquia, percentual_cobertura) VALUES (40.0, 5.0, 24232.66, 2589.33, 81.67);
INSERT INTO apolice_cobertura (numero_apolice, id_cobertura, valor_especifico, franquia, percentual_cobertura) VALUES (40.0, 6.0, 11332.83, 818.14, 94.67);
INSERT INTO apolice_cobertura (numero_apolice, id_cobertura, valor_especifico, franquia, percentual_cobertura) VALUES (41.0, 1.0, 59152.09, 3641.25, 80.63);
INSERT INTO apolice_cobertura (numero_apolice, id_cobertura, valor_especifico, franquia, percentual_cobertura) VALUES (41.0, 3.0, 57729.87, 1432.16, 84.23);
INSERT INTO apolice_cobertura (numero_apolice, id_cobertura, valor_especifico, franquia, percentual_cobertura) VALUES (41.0, 4.0, 9607.7, 2010.63, 96.61);
INSERT INTO apolice_cobertura (numero_apolice, id_cobertura, valor_especifico, franquia, percentual_cobertura) VALUES (42.0, 6.0, 5390.59, 3286.1, 68.28);
INSERT INTO apolice_cobertura (numero_apolice, id_cobertura, valor_especifico, franquia, percentual_cobertura) VALUES (42.0, 1.0, 14537.43, 3014.56, 53.35);
INSERT INTO apolice_cobertura (numero_apolice, id_cobertura, valor_especifico, franquia, percentual_cobertura) VALUES (42.0, 7.0, 66614.4, 1421.21, 99.06);
INSERT INTO apolice_cobertura (numero_apolice, id_cobertura, valor_especifico, franquia, percentual_cobertura) VALUES (42.0, 4.0, 4310.6, 1011.01, 73.92);
INSERT INTO apolice_cobertura (numero_apolice, id_cobertura, valor_especifico, franquia, percentual_cobertura) VALUES (43.0, 4.0, 5445.86, 4540.7, 75.18);
INSERT INTO apolice_cobertura (numero_apolice, id_cobertura, valor_especifico, franquia, percentual_cobertura) VALUES (43.0, 7.0, 40121.37, 745.07, 68.64);
INSERT INTO apolice_cobertura (numero_apolice, id_cobertura, valor_especifico, franquia, percentual_cobertura) VALUES (43.0, 6.0, 6433.26, 2756.53, 91.48);
INSERT INTO apolice_cobertura (numero_apolice, id_cobertura, valor_especifico, franquia, percentual_cobertura) VALUES (43.0, 2.0, 26284.65, 2893.57, 91.27);
INSERT INTO apolice_cobertura (numero_apolice, id_cobertura, valor_especifico, franquia, percentual_cobertura) VALUES (44.0, 8.0, 33824.37, 4754.14, 90.44);
INSERT INTO apolice_cobertura (numero_apolice, id_cobertura, valor_especifico, franquia, percentual_cobertura) VALUES (44.0, 5.0, 60011.46, 795.32, 94.6);
INSERT INTO apolice_cobertura (numero_apolice, id_cobertura, valor_especifico, franquia, percentual_cobertura) VALUES (44.0, 3.0, 46156.14, 860.77, 94.9);
INSERT INTO apolice_cobertura (numero_apolice, id_cobertura, valor_especifico, franquia, percentual_cobertura) VALUES (45.0, 2.0, 15839.75, 3636.87, 74.82);
INSERT INTO apolice_cobertura (numero_apolice, id_cobertura, valor_especifico, franquia, percentual_cobertura) VALUES (45.0, 1.0, 68583.33, 2843.09, 81.36);
INSERT INTO apolice_cobertura (numero_apolice, id_cobertura, valor_especifico, franquia, percentual_cobertura) VALUES (45.0, 8.0, 13030.32, 4863.09, 77.07);
INSERT INTO apolice_cobertura (numero_apolice, id_cobertura, valor_especifico, franquia, percentual_cobertura) VALUES (46.0, 8.0, 18240.2, 3819.69, 51.07);
INSERT INTO apolice_cobertura (numero_apolice, id_cobertura, valor_especifico, franquia, percentual_cobertura) VALUES (46.0, 3.0, 19645.41, 599.16, 90.1);
INSERT INTO apolice_cobertura (numero_apolice, id_cobertura, valor_especifico, franquia, percentual_cobertura) VALUES (47.0, 6.0, 8875.4, 4040.71, 74.31);
INSERT INTO apolice_cobertura (numero_apolice, id_cobertura, valor_especifico, franquia, percentual_cobertura) VALUES (47.0, 4.0, 10237.54, 2885.75, 77.42);
INSERT INTO apolice_cobertura (numero_apolice, id_cobertura, valor_especifico, franquia, percentual_cobertura) VALUES (47.0, 5.0, 29726.07, 3052.63, 94.91);
INSERT INTO apolice_cobertura (numero_apolice, id_cobertura, valor_especifico, franquia, percentual_cobertura) VALUES (47.0, 3.0, 31226.94, 4051.7, 61.34);
INSERT INTO apolice_cobertura (numero_apolice, id_cobertura, valor_especifico, franquia, percentual_cobertura) VALUES (48.0, 5.0, 10303.74, 1779.72, 97.81);
INSERT INTO apolice_cobertura (numero_apolice, id_cobertura, valor_especifico, franquia, percentual_cobertura) VALUES (48.0, 7.0, 58223.92, 1223.55, 76.77);
INSERT INTO apolice_cobertura (numero_apolice, id_cobertura, valor_especifico, franquia, percentual_cobertura) VALUES (48.0, 1.0, 15079.11, 1289.12, 85.41);
INSERT INTO apolice_cobertura (numero_apolice, id_cobertura, valor_especifico, franquia, percentual_cobertura) VALUES (49.0, 3.0, 5058.41, 1924.82, 56.32);
INSERT INTO apolice_cobertura (numero_apolice, id_cobertura, valor_especifico, franquia, percentual_cobertura) VALUES (49.0, 2.0, 15004.27, 1330.23, 78.12);
INSERT INTO apolice_cobertura (numero_apolice, id_cobertura, valor_especifico, franquia, percentual_cobertura) VALUES (49.0, 7.0, 4208.78, 1926.25, 67.19);
INSERT INTO apolice_cobertura (numero_apolice, id_cobertura, valor_especifico, franquia, percentual_cobertura) VALUES (49.0, 1.0, 29803.46, 2929.4, 58.13);
INSERT INTO apolice_cobertura (numero_apolice, id_cobertura, valor_especifico, franquia, percentual_cobertura) VALUES (50.0, 2.0, 51071.37, 3958.33, 97.39);
INSERT INTO apolice_cobertura (numero_apolice, id_cobertura, valor_especifico, franquia, percentual_cobertura) VALUES (50.0, 1.0, 72662.94, 1202.24, 98.51);
INSERT INTO apolice_cobertura (numero_apolice, id_cobertura, valor_especifico, franquia, percentual_cobertura) VALUES (50.0, 4.0, 8576.79, 2783.34, 82.36);
INSERT INTO apolice_cobertura (numero_apolice, id_cobertura, valor_especifico, franquia, percentual_cobertura) VALUES (51.0, 8.0, 28366.0, 4098.09, 86.43);
INSERT INTO apolice_cobertura (numero_apolice, id_cobertura, valor_especifico, franquia, percentual_cobertura) VALUES (51.0, 3.0, 91957.65, 2024.08, 55.62);
INSERT INTO apolice_cobertura (numero_apolice, id_cobertura, valor_especifico, franquia, percentual_cobertura) VALUES (51.0, 5.0, 31041.56, 680.36, 83.9);
INSERT INTO apolice_cobertura (numero_apolice, id_cobertura, valor_especifico, franquia, percentual_cobertura) VALUES (52.0, 5.0, 26190.11, 4283.95, 72.3);
INSERT INTO apolice_cobertura (numero_apolice, id_cobertura, valor_especifico, franquia, percentual_cobertura) VALUES (52.0, 1.0, 8143.12, 747.65, 82.07);
INSERT INTO apolice_cobertura (numero_apolice, id_cobertura, valor_especifico, franquia, percentual_cobertura) VALUES (53.0, 4.0, 1312.82, 2922.86, 72.27);
INSERT INTO apolice_cobertura (numero_apolice, id_cobertura, valor_especifico, franquia, percentual_cobertura) VALUES (53.0, 7.0, 63119.77, 893.2, 75.59);
INSERT INTO apolice_cobertura (numero_apolice, id_cobertura, valor_especifico, franquia, percentual_cobertura) VALUES (53.0, 3.0, 20176.92, 1929.91, 80.25);
INSERT INTO apolice_cobertura (numero_apolice, id_cobertura, valor_especifico, franquia, percentual_cobertura) VALUES (53.0, 2.0, 51734.63, 4588.01, 68.05);
INSERT INTO apolice_cobertura (numero_apolice, id_cobertura, valor_especifico, franquia, percentual_cobertura) VALUES (54.0, 7.0, 36715.81, 554.86, 67.25);
INSERT INTO apolice_cobertura (numero_apolice, id_cobertura, valor_especifico, franquia, percentual_cobertura) VALUES (54.0, 3.0, 31383.78, 2505.09, 78.05);
INSERT INTO apolice_cobertura (numero_apolice, id_cobertura, valor_especifico, franquia, percentual_cobertura) VALUES (55.0, 8.0, 41731.61, 4116.58, 64.43);
INSERT INTO apolice_cobertura (numero_apolice, id_cobertura, valor_especifico, franquia, percentual_cobertura) VALUES (55.0, 6.0, 10675.78, 4866.62, 71.19);
INSERT INTO apolice_cobertura (numero_apolice, id_cobertura, valor_especifico, franquia, percentual_cobertura) VALUES (56.0, 3.0, 59969.2, 1146.38, 65.16);
INSERT INTO apolice_cobertura (numero_apolice, id_cobertura, valor_especifico, franquia, percentual_cobertura) VALUES (56.0, 7.0, 92426.37, 2863.85, 66.77);
INSERT INTO apolice_cobertura (numero_apolice, id_cobertura, valor_especifico, franquia, percentual_cobertura) VALUES (56.0, 5.0, 59527.09, 3158.06, 68.79);
INSERT INTO apolice_cobertura (numero_apolice, id_cobertura, valor_especifico, franquia, percentual_cobertura) VALUES (57.0, 7.0, 85583.89, 2365.31, 77.79);
INSERT INTO apolice_cobertura (numero_apolice, id_cobertura, valor_especifico, franquia, percentual_cobertura) VALUES (57.0, 6.0, 9529.76, 3898.6, 56.85);
INSERT INTO apolice_cobertura (numero_apolice, id_cobertura, valor_especifico, franquia, percentual_cobertura) VALUES (58.0, 7.0, 52233.25, 690.05, 91.31);
INSERT INTO apolice_cobertura (numero_apolice, id_cobertura, valor_especifico, franquia, percentual_cobertura) VALUES (58.0, 3.0, 83307.88, 1867.61, 77.96);
INSERT INTO apolice_cobertura (numero_apolice, id_cobertura, valor_especifico, franquia, percentual_cobertura) VALUES (59.0, 4.0, 3136.81, 1850.76, 82.03);
INSERT INTO apolice_cobertura (numero_apolice, id_cobertura, valor_especifico, franquia, percentual_cobertura) VALUES (59.0, 1.0, 50167.13, 1058.8, 83.3);
INSERT INTO apolice_cobertura (numero_apolice, id_cobertura, valor_especifico, franquia, percentual_cobertura) VALUES (59.0, 7.0, 27611.53, 1307.18, 95.34);
INSERT INTO apolice_cobertura (numero_apolice, id_cobertura, valor_especifico, franquia, percentual_cobertura) VALUES (60.0, 4.0, 7840.18, 4867.81, 79.94);
INSERT INTO apolice_cobertura (numero_apolice, id_cobertura, valor_especifico, franquia, percentual_cobertura) VALUES (60.0, 1.0, 28941.83, 2662.19, 71.8);
INSERT INTO apolice_cobertura (numero_apolice, id_cobertura, valor_especifico, franquia, percentual_cobertura) VALUES (60.0, 7.0, 24857.08, 3586.61, 98.71);
INSERT INTO apolice_cobertura (numero_apolice, id_cobertura, valor_especifico, franquia, percentual_cobertura) VALUES (60.0, 3.0, 81699.92, 2179.41, 86.65);
INSERT INTO apolice_cobertura (numero_apolice, id_cobertura, valor_especifico, franquia, percentual_cobertura) VALUES (61.0, 5.0, 37481.2, 1157.62, 73.05);
INSERT INTO apolice_cobertura (numero_apolice, id_cobertura, valor_especifico, franquia, percentual_cobertura) VALUES (61.0, 2.0, 38283.63, 2108.23, 52.64);
INSERT INTO apolice_cobertura (numero_apolice, id_cobertura, valor_especifico, franquia, percentual_cobertura) VALUES (62.0, 7.0, 5506.18, 1812.49, 81.95);
INSERT INTO apolice_cobertura (numero_apolice, id_cobertura, valor_especifico, franquia, percentual_cobertura) VALUES (62.0, 6.0, 1922.66, 1372.17, 81.4);
INSERT INTO apolice_cobertura (numero_apolice, id_cobertura, valor_especifico, franquia, percentual_cobertura) VALUES (62.0, 3.0, 76414.66, 3194.43, 58.36);
INSERT INTO apolice_cobertura (numero_apolice, id_cobertura, valor_especifico, franquia, percentual_cobertura) VALUES (63.0, 6.0, 10606.18, 1721.57, 84.9);
INSERT INTO apolice_cobertura (numero_apolice, id_cobertura, valor_especifico, franquia, percentual_cobertura) VALUES (63.0, 7.0, 34533.71, 2904.89, 67.58);
INSERT INTO apolice_cobertura (numero_apolice, id_cobertura, valor_especifico, franquia, percentual_cobertura) VALUES (63.0, 8.0, 6897.5, 1116.27, 64.07);
INSERT INTO apolice_cobertura (numero_apolice, id_cobertura, valor_especifico, franquia, percentual_cobertura) VALUES (64.0, 7.0, 10473.76, 1195.5, 61.06);
INSERT INTO apolice_cobertura (numero_apolice, id_cobertura, valor_especifico, franquia, percentual_cobertura) VALUES (64.0, 3.0, 19581.91, 4536.76, 80.67);
INSERT INTO apolice_cobertura (numero_apolice, id_cobertura, valor_especifico, franquia, percentual_cobertura) VALUES (64.0, 2.0, 45712.21, 2865.44, 76.6);
INSERT INTO apolice_cobertura (numero_apolice, id_cobertura, valor_especifico, franquia, percentual_cobertura) VALUES (65.0, 2.0, 7268.71, 1090.54, 50.87);
INSERT INTO apolice_cobertura (numero_apolice, id_cobertura, valor_especifico, franquia, percentual_cobertura) VALUES (65.0, 4.0, 5830.79, 3609.73, 56.95);
INSERT INTO apolice_cobertura (numero_apolice, id_cobertura, valor_especifico, franquia, percentual_cobertura) VALUES (65.0, 7.0, 41879.7, 4944.12, 76.16);
INSERT INTO apolice_cobertura (numero_apolice, id_cobertura, valor_especifico, franquia, percentual_cobertura) VALUES (65.0, 1.0, 75930.15, 1274.93, 65.23);
INSERT INTO apolice_cobertura (numero_apolice, id_cobertura, valor_especifico, franquia, percentual_cobertura) VALUES (66.0, 2.0, 38002.05, 1883.43, 60.49);
INSERT INTO apolice_cobertura (numero_apolice, id_cobertura, valor_especifico, franquia, percentual_cobertura) VALUES (66.0, 8.0, 41260.21, 2411.62, 88.15);
INSERT INTO apolice_cobertura (numero_apolice, id_cobertura, valor_especifico, franquia, percentual_cobertura) VALUES (66.0, 7.0, 11334.42, 584.63, 74.21);
INSERT INTO apolice_cobertura (numero_apolice, id_cobertura, valor_especifico, franquia, percentual_cobertura) VALUES (66.0, 6.0, 6179.1, 1383.58, 51.64);
INSERT INTO apolice_cobertura (numero_apolice, id_cobertura, valor_especifico, franquia, percentual_cobertura) VALUES (67.0, 1.0, 4343.01, 1857.41, 50.51);
INSERT INTO apolice_cobertura (numero_apolice, id_cobertura, valor_especifico, franquia, percentual_cobertura) VALUES (67.0, 4.0, 2338.81, 1057.07, 80.09);
INSERT INTO apolice_cobertura (numero_apolice, id_cobertura, valor_especifico, franquia, percentual_cobertura) VALUES (67.0, 8.0, 25112.52, 1400.11, 83.53);
INSERT INTO apolice_cobertura (numero_apolice, id_cobertura, valor_especifico, franquia, percentual_cobertura) VALUES (67.0, 3.0, 3885.57, 1155.01, 87.31);
INSERT INTO apolice_cobertura (numero_apolice, id_cobertura, valor_especifico, franquia, percentual_cobertura) VALUES (68.0, 6.0, 11269.84, 4013.61, 80.65);
INSERT INTO apolice_cobertura (numero_apolice, id_cobertura, valor_especifico, franquia, percentual_cobertura) VALUES (68.0, 3.0, 50794.8, 807.52, 90.98);
INSERT INTO apolice_cobertura (numero_apolice, id_cobertura, valor_especifico, franquia, percentual_cobertura) VALUES (68.0, 2.0, 42046.02, 2879.77, 85.79);
INSERT INTO apolice_cobertura (numero_apolice, id_cobertura, valor_especifico, franquia, percentual_cobertura) VALUES (69.0, 3.0, 1426.92, 3764.07, 96.21);
INSERT INTO apolice_cobertura (numero_apolice, id_cobertura, valor_especifico, franquia, percentual_cobertura) VALUES (69.0, 7.0, 86145.07, 4330.84, 73.74);
INSERT INTO apolice_cobertura (numero_apolice, id_cobertura, valor_especifico, franquia, percentual_cobertura) VALUES (69.0, 5.0, 44786.69, 1333.07, 83.68);
INSERT INTO apolice_cobertura (numero_apolice, id_cobertura, valor_especifico, franquia, percentual_cobertura) VALUES (70.0, 3.0, 35993.04, 2208.27, 60.71);
INSERT INTO apolice_cobertura (numero_apolice, id_cobertura, valor_especifico, franquia, percentual_cobertura) VALUES (70.0, 7.0, 22048.99, 1007.8, 99.23);
INSERT INTO apolice_cobertura (numero_apolice, id_cobertura, valor_especifico, franquia, percentual_cobertura) VALUES (71.0, 8.0, 22327.22, 2731.17, 68.06);
INSERT INTO apolice_cobertura (numero_apolice, id_cobertura, valor_especifico, franquia, percentual_cobertura) VALUES (71.0, 1.0, 23265.7, 3749.61, 54.11);
INSERT INTO apolice_cobertura (numero_apolice, id_cobertura, valor_especifico, franquia, percentual_cobertura) VALUES (72.0, 2.0, 25573.8, 3812.78, 84.35);
INSERT INTO apolice_cobertura (numero_apolice, id_cobertura, valor_especifico, franquia, percentual_cobertura) VALUES (72.0, 4.0, 12668.61, 1516.43, 70.36);
INSERT INTO apolice_cobertura (numero_apolice, id_cobertura, valor_especifico, franquia, percentual_cobertura) VALUES (72.0, 3.0, 98138.27, 2425.83, 92.84);
INSERT INTO apolice_cobertura (numero_apolice, id_cobertura, valor_especifico, franquia, percentual_cobertura) VALUES (73.0, 6.0, 12994.24, 2712.42, 55.26);
INSERT INTO apolice_cobertura (numero_apolice, id_cobertura, valor_especifico, franquia, percentual_cobertura) VALUES (73.0, 2.0, 24558.06, 3463.47, 54.25);
INSERT INTO apolice_cobertura (numero_apolice, id_cobertura, valor_especifico, franquia, percentual_cobertura) VALUES (73.0, 1.0, 12073.52, 2302.81, 79.53);
INSERT INTO apolice_cobertura (numero_apolice, id_cobertura, valor_especifico, franquia, percentual_cobertura) VALUES (74.0, 3.0, 36869.55, 1395.89, 60.01);
INSERT INTO apolice_cobertura (numero_apolice, id_cobertura, valor_especifico, franquia, percentual_cobertura) VALUES (74.0, 1.0, 66191.74, 2319.3, 61.64);
INSERT INTO apolice_cobertura (numero_apolice, id_cobertura, valor_especifico, franquia, percentual_cobertura) VALUES (75.0, 8.0, 32431.97, 3171.42, 87.82);
INSERT INTO apolice_cobertura (numero_apolice, id_cobertura, valor_especifico, franquia, percentual_cobertura) VALUES (75.0, 3.0, 79994.11, 4744.51, 67.8);
INSERT INTO apolice_cobertura (numero_apolice, id_cobertura, valor_especifico, franquia, percentual_cobertura) VALUES (75.0, 6.0, 9006.5, 4775.62, 99.38);
INSERT INTO apolice_cobertura (numero_apolice, id_cobertura, valor_especifico, franquia, percentual_cobertura) VALUES (76.0, 5.0, 8663.73, 2702.04, 61.54);
INSERT INTO apolice_cobertura (numero_apolice, id_cobertura, valor_especifico, franquia, percentual_cobertura) VALUES (76.0, 2.0, 51680.9, 633.76, 86.89);
INSERT INTO apolice_cobertura (numero_apolice, id_cobertura, valor_especifico, franquia, percentual_cobertura) VALUES (76.0, 4.0, 12519.09, 2741.61, 51.34);
INSERT INTO apolice_cobertura (numero_apolice, id_cobertura, valor_especifico, franquia, percentual_cobertura) VALUES (76.0, 1.0, 14833.12, 3220.63, 66.35);
INSERT INTO apolice_cobertura (numero_apolice, id_cobertura, valor_especifico, franquia, percentual_cobertura) VALUES (77.0, 2.0, 36551.84, 2839.77, 74.61);
INSERT INTO apolice_cobertura (numero_apolice, id_cobertura, valor_especifico, franquia, percentual_cobertura) VALUES (77.0, 7.0, 44107.49, 1821.03, 74.89);
INSERT INTO apolice_cobertura (numero_apolice, id_cobertura, valor_especifico, franquia, percentual_cobertura) VALUES (77.0, 1.0, 39989.69, 2940.97, 90.47);
INSERT INTO apolice_cobertura (numero_apolice, id_cobertura, valor_especifico, franquia, percentual_cobertura) VALUES (78.0, 1.0, 68979.76, 1036.1, 72.51);
INSERT INTO apolice_cobertura (numero_apolice, id_cobertura, valor_especifico, franquia, percentual_cobertura) VALUES (78.0, 7.0, 79891.73, 2491.5, 51.8);
INSERT INTO apolice_cobertura (numero_apolice, id_cobertura, valor_especifico, franquia, percentual_cobertura) VALUES (78.0, 8.0, 8257.9, 3467.35, 88.97);
INSERT INTO apolice_cobertura (numero_apolice, id_cobertura, valor_especifico, franquia, percentual_cobertura) VALUES (78.0, 4.0, 13273.62, 1238.65, 71.53);
INSERT INTO apolice_cobertura (numero_apolice, id_cobertura, valor_especifico, franquia, percentual_cobertura) VALUES (79.0, 7.0, 53619.68, 2707.49, 77.69);
INSERT INTO apolice_cobertura (numero_apolice, id_cobertura, valor_especifico, franquia, percentual_cobertura) VALUES (79.0, 4.0, 8483.1, 2614.18, 78.11);
INSERT INTO apolice_cobertura (numero_apolice, id_cobertura, valor_especifico, franquia, percentual_cobertura) VALUES (79.0, 1.0, 13073.26, 750.82, 63.17);
INSERT INTO apolice_cobertura (numero_apolice, id_cobertura, valor_especifico, franquia, percentual_cobertura) VALUES (80.0, 7.0, 71899.32, 1779.97, 53.07);
INSERT INTO apolice_cobertura (numero_apolice, id_cobertura, valor_especifico, franquia, percentual_cobertura) VALUES (80.0, 5.0, 38033.69, 1076.89, 68.32);
INSERT INTO apolice_cobertura (numero_apolice, id_cobertura, valor_especifico, franquia, percentual_cobertura) VALUES (80.0, 6.0, 10722.39, 3127.85, 88.26);
INSERT INTO apolice_cobertura (numero_apolice, id_cobertura, valor_especifico, franquia, percentual_cobertura) VALUES (80.0, 3.0, 62653.4, 2212.58, 71.41);
INSERT INTO apolice_cobertura (numero_apolice, id_cobertura, valor_especifico, franquia, percentual_cobertura) VALUES (81.0, 7.0, 62165.37, 1614.26, 82.4);
INSERT INTO apolice_cobertura (numero_apolice, id_cobertura, valor_especifico, franquia, percentual_cobertura) VALUES (81.0, 3.0, 59436.24, 4596.75, 53.28);
INSERT INTO apolice_cobertura (numero_apolice, id_cobertura, valor_especifico, franquia, percentual_cobertura) VALUES (81.0, 1.0, 24551.04, 2019.17, 50.99);
INSERT INTO apolice_cobertura (numero_apolice, id_cobertura, valor_especifico, franquia, percentual_cobertura) VALUES (82.0, 1.0, 67685.46, 3056.22, 95.07);
INSERT INTO apolice_cobertura (numero_apolice, id_cobertura, valor_especifico, franquia, percentual_cobertura) VALUES (82.0, 4.0, 4698.86, 3631.81, 79.4);
INSERT INTO apolice_cobertura (numero_apolice, id_cobertura, valor_especifico, franquia, percentual_cobertura) VALUES (82.0, 6.0, 12838.61, 2199.82, 69.52);
INSERT INTO apolice_cobertura (numero_apolice, id_cobertura, valor_especifico, franquia, percentual_cobertura) VALUES (83.0, 2.0, 38153.54, 1426.59, 74.84);
INSERT INTO apolice_cobertura (numero_apolice, id_cobertura, valor_especifico, franquia, percentual_cobertura) VALUES (83.0, 7.0, 76060.61, 3503.24, 58.33);
INSERT INTO apolice_cobertura (numero_apolice, id_cobertura, valor_especifico, franquia, percentual_cobertura) VALUES (83.0, 4.0, 5155.31, 4862.42, 60.09);
INSERT INTO apolice_cobertura (numero_apolice, id_cobertura, valor_especifico, franquia, percentual_cobertura) VALUES (83.0, 1.0, 50080.88, 4883.48, 53.77);
INSERT INTO apolice_cobertura (numero_apolice, id_cobertura, valor_especifico, franquia, percentual_cobertura) VALUES (84.0, 4.0, 5124.78, 3080.84, 90.23);
INSERT INTO apolice_cobertura (numero_apolice, id_cobertura, valor_especifico, franquia, percentual_cobertura) VALUES (84.0, 3.0, 62596.13, 4810.73, 85.89);
INSERT INTO apolice_cobertura (numero_apolice, id_cobertura, valor_especifico, franquia, percentual_cobertura) VALUES (84.0, 7.0, 54483.46, 3163.39, 63.67);
INSERT INTO apolice_cobertura (numero_apolice, id_cobertura, valor_especifico, franquia, percentual_cobertura) VALUES (84.0, 1.0, 44750.19, 2889.79, 71.36);
INSERT INTO apolice_cobertura (numero_apolice, id_cobertura, valor_especifico, franquia, percentual_cobertura) VALUES (85.0, 2.0, 28138.69, 1849.59, 83.17);
INSERT INTO apolice_cobertura (numero_apolice, id_cobertura, valor_especifico, franquia, percentual_cobertura) VALUES (85.0, 6.0, 4763.23, 2364.41, 62.56);
INSERT INTO apolice_cobertura (numero_apolice, id_cobertura, valor_especifico, franquia, percentual_cobertura) VALUES (85.0, 3.0, 51826.38, 3522.02, 77.38);
INSERT INTO apolice_cobertura (numero_apolice, id_cobertura, valor_especifico, franquia, percentual_cobertura) VALUES (86.0, 3.0, 50232.11, 3473.63, 91.2);
INSERT INTO apolice_cobertura (numero_apolice, id_cobertura, valor_especifico, franquia, percentual_cobertura) VALUES (86.0, 5.0, 59837.55, 1705.71, 81.9);
INSERT INTO apolice_cobertura (numero_apolice, id_cobertura, valor_especifico, franquia, percentual_cobertura) VALUES (87.0, 7.0, 49310.46, 2139.24, 57.39);
INSERT INTO apolice_cobertura (numero_apolice, id_cobertura, valor_especifico, franquia, percentual_cobertura) VALUES (87.0, 5.0, 10437.6, 3583.88, 65.01);
INSERT INTO apolice_cobertura (numero_apolice, id_cobertura, valor_especifico, franquia, percentual_cobertura) VALUES (87.0, 6.0, 6228.83, 1933.94, 91.51);
INSERT INTO apolice_cobertura (numero_apolice, id_cobertura, valor_especifico, franquia, percentual_cobertura) VALUES (87.0, 1.0, 5976.3, 1416.01, 70.62);
INSERT INTO apolice_cobertura (numero_apolice, id_cobertura, valor_especifico, franquia, percentual_cobertura) VALUES (88.0, 3.0, 60294.31, 2326.4, 55.68);
INSERT INTO apolice_cobertura (numero_apolice, id_cobertura, valor_especifico, franquia, percentual_cobertura) VALUES (88.0, 8.0, 8875.35, 1605.14, 91.36);
INSERT INTO apolice_cobertura (numero_apolice, id_cobertura, valor_especifico, franquia, percentual_cobertura) VALUES (88.0, 6.0, 6574.36, 3019.21, 71.81);
INSERT INTO apolice_cobertura (numero_apolice, id_cobertura, valor_especifico, franquia, percentual_cobertura) VALUES (89.0, 1.0, 11537.72, 1662.79, 90.18);
INSERT INTO apolice_cobertura (numero_apolice, id_cobertura, valor_especifico, franquia, percentual_cobertura) VALUES (89.0, 2.0, 36422.24, 1291.93, 92.63);
INSERT INTO apolice_cobertura (numero_apolice, id_cobertura, valor_especifico, franquia, percentual_cobertura) VALUES (89.0, 7.0, 90151.26, 2686.29, 51.0);
INSERT INTO apolice_cobertura (numero_apolice, id_cobertura, valor_especifico, franquia, percentual_cobertura) VALUES (89.0, 3.0, 85773.29, 877.68, 80.08);
INSERT INTO apolice_cobertura (numero_apolice, id_cobertura, valor_especifico, franquia, percentual_cobertura) VALUES (90.0, 7.0, 63130.35, 4485.74, 69.84);
INSERT INTO apolice_cobertura (numero_apolice, id_cobertura, valor_especifico, franquia, percentual_cobertura) VALUES (90.0, 3.0, 83823.2, 4292.38, 61.8);
INSERT INTO apolice_cobertura (numero_apolice, id_cobertura, valor_especifico, franquia, percentual_cobertura) VALUES (91.0, 2.0, 52071.95, 4692.0, 62.59);
INSERT INTO apolice_cobertura (numero_apolice, id_cobertura, valor_especifico, franquia, percentual_cobertura) VALUES (91.0, 5.0, 56479.65, 1571.35, 56.11);
INSERT INTO apolice_cobertura (numero_apolice, id_cobertura, valor_especifico, franquia, percentual_cobertura) VALUES (91.0, 6.0, 10687.97, 1981.79, 79.22);
INSERT INTO apolice_cobertura (numero_apolice, id_cobertura, valor_especifico, franquia, percentual_cobertura) VALUES (91.0, 7.0, 37070.83, 3867.68, 61.8);
INSERT INTO apolice_cobertura (numero_apolice, id_cobertura, valor_especifico, franquia, percentual_cobertura) VALUES (92.0, 4.0, 3429.95, 4864.66, 71.97);
INSERT INTO apolice_cobertura (numero_apolice, id_cobertura, valor_especifico, franquia, percentual_cobertura) VALUES (92.0, 2.0, 14676.16, 3152.66, 74.52);
INSERT INTO apolice_cobertura (numero_apolice, id_cobertura, valor_especifico, franquia, percentual_cobertura) VALUES (92.0, 1.0, 29941.73, 4769.2, 65.82);
INSERT INTO apolice_cobertura (numero_apolice, id_cobertura, valor_especifico, franquia, percentual_cobertura) VALUES (93.0, 8.0, 40530.02, 4457.45, 96.85);
INSERT INTO apolice_cobertura (numero_apolice, id_cobertura, valor_especifico, franquia, percentual_cobertura) VALUES (93.0, 6.0, 5359.45, 3720.52, 91.07);
INSERT INTO apolice_cobertura (numero_apolice, id_cobertura, valor_especifico, franquia, percentual_cobertura) VALUES (93.0, 2.0, 2133.34, 4850.62, 80.29);
INSERT INTO apolice_cobertura (numero_apolice, id_cobertura, valor_especifico, franquia, percentual_cobertura) VALUES (94.0, 1.0, 20540.07, 2231.11, 81.95);
INSERT INTO apolice_cobertura (numero_apolice, id_cobertura, valor_especifico, franquia, percentual_cobertura) VALUES (94.0, 6.0, 9414.11, 4564.21, 84.26);
INSERT INTO apolice_cobertura (numero_apolice, id_cobertura, valor_especifico, franquia, percentual_cobertura) VALUES (94.0, 7.0, 50479.78, 1563.72, 72.12);
INSERT INTO apolice_cobertura (numero_apolice, id_cobertura, valor_especifico, franquia, percentual_cobertura) VALUES (94.0, 2.0, 1423.03, 4823.37, 96.38);
INSERT INTO apolice_cobertura (numero_apolice, id_cobertura, valor_especifico, franquia, percentual_cobertura) VALUES (95.0, 5.0, 19654.28, 4367.38, 58.01);
INSERT INTO apolice_cobertura (numero_apolice, id_cobertura, valor_especifico, franquia, percentual_cobertura) VALUES (95.0, 1.0, 34895.88, 1927.33, 90.61);
INSERT INTO apolice_cobertura (numero_apolice, id_cobertura, valor_especifico, franquia, percentual_cobertura) VALUES (95.0, 2.0, 35656.37, 4051.93, 63.7);
INSERT INTO apolice_cobertura (numero_apolice, id_cobertura, valor_especifico, franquia, percentual_cobertura) VALUES (96.0, 8.0, 31240.7, 4669.24, 66.64);
INSERT INTO apolice_cobertura (numero_apolice, id_cobertura, valor_especifico, franquia, percentual_cobertura) VALUES (96.0, 4.0, 6859.57, 4633.46, 55.02);
INSERT INTO apolice_cobertura (numero_apolice, id_cobertura, valor_especifico, franquia, percentual_cobertura) VALUES (97.0, 5.0, 5162.53, 2393.92, 86.46);
INSERT INTO apolice_cobertura (numero_apolice, id_cobertura, valor_especifico, franquia, percentual_cobertura) VALUES (97.0, 8.0, 23476.22, 1970.46, 84.76);
INSERT INTO apolice_cobertura (numero_apolice, id_cobertura, valor_especifico, franquia, percentual_cobertura) VALUES (98.0, 3.0, 44729.17, 3384.94, 50.15);
INSERT INTO apolice_cobertura (numero_apolice, id_cobertura, valor_especifico, franquia, percentual_cobertura) VALUES (98.0, 6.0, 3402.82, 1874.96, 78.79);
INSERT INTO apolice_cobertura (numero_apolice, id_cobertura, valor_especifico, franquia, percentual_cobertura) VALUES (99.0, 3.0, 51924.68, 4863.49, 91.53);
INSERT INTO apolice_cobertura (numero_apolice, id_cobertura, valor_especifico, franquia, percentual_cobertura) VALUES (99.0, 2.0, 42041.65, 4311.32, 84.29);
INSERT INTO apolice_cobertura (numero_apolice, id_cobertura, valor_especifico, franquia, percentual_cobertura) VALUES (100.0, 8.0, 6478.63, 1280.66, 79.65);
INSERT INTO apolice_cobertura (numero_apolice, id_cobertura, valor_especifico, franquia, percentual_cobertura) VALUES (100.0, 4.0, 5544.59, 1768.09, 54.22);
INSERT INTO apolice_cobertura (numero_apolice, id_cobertura, valor_especifico, franquia, percentual_cobertura) VALUES (100.0, 6.0, 5414.71, 2270.72, 68.87);
INSERT INTO apolice_cobertura (numero_apolice, id_cobertura, valor_especifico, franquia, percentual_cobertura) VALUES (101.0, 4.0, 9977.44, 3319.82, 95.34);
INSERT INTO apolice_cobertura (numero_apolice, id_cobertura, valor_especifico, franquia, percentual_cobertura) VALUES (101.0, 1.0, 76240.35, 1392.2, 85.06);
INSERT INTO apolice_cobertura (numero_apolice, id_cobertura, valor_especifico, franquia, percentual_cobertura) VALUES (101.0, 7.0, 16610.1, 2304.66, 71.45);
INSERT INTO apolice_cobertura (numero_apolice, id_cobertura, valor_especifico, franquia, percentual_cobertura) VALUES (101.0, 5.0, 17317.02, 900.78, 68.4);
INSERT INTO apolice_cobertura (numero_apolice, id_cobertura, valor_especifico, franquia, percentual_cobertura) VALUES (102.0, 2.0, 24402.13, 4639.95, 72.69);
INSERT INTO apolice_cobertura (numero_apolice, id_cobertura, valor_especifico, franquia, percentual_cobertura) VALUES (102.0, 1.0, 53028.76, 1033.31, 85.68);
INSERT INTO apolice_cobertura (numero_apolice, id_cobertura, valor_especifico, franquia, percentual_cobertura) VALUES (102.0, 6.0, 3288.35, 4378.72, 89.11);
INSERT INTO apolice_cobertura (numero_apolice, id_cobertura, valor_especifico, franquia, percentual_cobertura) VALUES (102.0, 5.0, 19060.89, 2723.76, 56.51);
INSERT INTO apolice_cobertura (numero_apolice, id_cobertura, valor_especifico, franquia, percentual_cobertura) VALUES (103.0, 4.0, 4925.66, 3547.35, 70.92);
INSERT INTO apolice_cobertura (numero_apolice, id_cobertura, valor_especifico, franquia, percentual_cobertura) VALUES (103.0, 7.0, 38788.89, 1156.74, 64.51);
INSERT INTO apolice_cobertura (numero_apolice, id_cobertura, valor_especifico, franquia, percentual_cobertura) VALUES (104.0, 4.0, 13587.55, 2163.37, 84.21);
INSERT INTO apolice_cobertura (numero_apolice, id_cobertura, valor_especifico, franquia, percentual_cobertura) VALUES (104.0, 5.0, 29735.92, 546.44, 56.66);
INSERT INTO apolice_cobertura (numero_apolice, id_cobertura, valor_especifico, franquia, percentual_cobertura) VALUES (104.0, 8.0, 14264.52, 3618.61, 84.34);
INSERT INTO apolice_cobertura (numero_apolice, id_cobertura, valor_especifico, franquia, percentual_cobertura) VALUES (105.0, 7.0, 24701.13, 928.76, 52.94);
INSERT INTO apolice_cobertura (numero_apolice, id_cobertura, valor_especifico, franquia, percentual_cobertura) VALUES (105.0, 6.0, 4997.54, 1556.79, 95.41);
INSERT INTO apolice_cobertura (numero_apolice, id_cobertura, valor_especifico, franquia, percentual_cobertura) VALUES (105.0, 4.0, 14827.97, 4726.95, 98.36);
INSERT INTO apolice_cobertura (numero_apolice, id_cobertura, valor_especifico, franquia, percentual_cobertura) VALUES (105.0, 5.0, 38520.94, 3867.09, 52.28);
INSERT INTO apolice_cobertura (numero_apolice, id_cobertura, valor_especifico, franquia, percentual_cobertura) VALUES (106.0, 7.0, 63092.41, 1095.07, 94.61);
INSERT INTO apolice_cobertura (numero_apolice, id_cobertura, valor_especifico, franquia, percentual_cobertura) VALUES (106.0, 3.0, 5055.8, 1307.18, 58.49);
INSERT INTO apolice_cobertura (numero_apolice, id_cobertura, valor_especifico, franquia, percentual_cobertura) VALUES (106.0, 4.0, 7837.27, 2026.3, 73.4);
INSERT INTO apolice_cobertura (numero_apolice, id_cobertura, valor_especifico, franquia, percentual_cobertura) VALUES (107.0, 6.0, 7370.16, 1138.08, 55.84);
INSERT INTO apolice_cobertura (numero_apolice, id_cobertura, valor_especifico, franquia, percentual_cobertura) VALUES (107.0, 8.0, 2812.21, 1075.42, 93.58);
INSERT INTO apolice_cobertura (numero_apolice, id_cobertura, valor_especifico, franquia, percentual_cobertura) VALUES (108.0, 6.0, 11842.15, 1684.47, 91.48);
INSERT INTO apolice_cobertura (numero_apolice, id_cobertura, valor_especifico, franquia, percentual_cobertura) VALUES (108.0, 4.0, 13856.53, 2826.38, 71.79);
INSERT INTO apolice_cobertura (numero_apolice, id_cobertura, valor_especifico, franquia, percentual_cobertura) VALUES (108.0, 3.0, 17270.92, 3815.91, 74.56);
INSERT INTO apolice_cobertura (numero_apolice, id_cobertura, valor_especifico, franquia, percentual_cobertura) VALUES (109.0, 8.0, 8752.4, 745.55, 59.16);
INSERT INTO apolice_cobertura (numero_apolice, id_cobertura, valor_especifico, franquia, percentual_cobertura) VALUES (109.0, 1.0, 37321.31, 1236.0, 73.36);
INSERT INTO apolice_cobertura (numero_apolice, id_cobertura, valor_especifico, franquia, percentual_cobertura) VALUES (110.0, 8.0, 19117.93, 4949.68, 78.04);
INSERT INTO apolice_cobertura (numero_apolice, id_cobertura, valor_especifico, franquia, percentual_cobertura) VALUES (110.0, 1.0, 36356.76, 1006.21, 85.99);
INSERT INTO apolice_cobertura (numero_apolice, id_cobertura, valor_especifico, franquia, percentual_cobertura) VALUES (111.0, 2.0, 6032.47, 4406.78, 59.03);
INSERT INTO apolice_cobertura (numero_apolice, id_cobertura, valor_especifico, franquia, percentual_cobertura) VALUES (111.0, 3.0, 17597.47, 2789.32, 63.64);
INSERT INTO apolice_cobertura (numero_apolice, id_cobertura, valor_especifico, franquia, percentual_cobertura) VALUES (112.0, 4.0, 11638.63, 1312.56, 96.02);
INSERT INTO apolice_cobertura (numero_apolice, id_cobertura, valor_especifico, franquia, percentual_cobertura) VALUES (112.0, 5.0, 16438.92, 2741.5, 54.72);
INSERT INTO apolice_cobertura (numero_apolice, id_cobertura, valor_especifico, franquia, percentual_cobertura) VALUES (112.0, 1.0, 26385.1, 1779.27, 99.07);
INSERT INTO apolice_cobertura (numero_apolice, id_cobertura, valor_especifico, franquia, percentual_cobertura) VALUES (112.0, 7.0, 12284.29, 2181.01, 96.46);
INSERT INTO apolice_cobertura (numero_apolice, id_cobertura, valor_especifico, franquia, percentual_cobertura) VALUES (113.0, 6.0, 1346.77, 2571.05, 85.39);
INSERT INTO apolice_cobertura (numero_apolice, id_cobertura, valor_especifico, franquia, percentual_cobertura) VALUES (113.0, 2.0, 26805.82, 3327.61, 63.47);
INSERT INTO apolice_cobertura (numero_apolice, id_cobertura, valor_especifico, franquia, percentual_cobertura) VALUES (114.0, 1.0, 74445.97, 1962.12, 86.58);
INSERT INTO apolice_cobertura (numero_apolice, id_cobertura, valor_especifico, franquia, percentual_cobertura) VALUES (114.0, 3.0, 73419.55, 4808.31, 78.46);
INSERT INTO apolice_cobertura (numero_apolice, id_cobertura, valor_especifico, franquia, percentual_cobertura) VALUES (114.0, 8.0, 9673.52, 719.07, 82.18);
INSERT INTO apolice_cobertura (numero_apolice, id_cobertura, valor_especifico, franquia, percentual_cobertura) VALUES (114.0, 5.0, 21269.18, 749.91, 53.54);
INSERT INTO apolice_cobertura (numero_apolice, id_cobertura, valor_especifico, franquia, percentual_cobertura) VALUES (115.0, 7.0, 17466.18, 4842.72, 93.28);
INSERT INTO apolice_cobertura (numero_apolice, id_cobertura, valor_especifico, franquia, percentual_cobertura) VALUES (115.0, 1.0, 7888.79, 4335.56, 58.15);
INSERT INTO apolice_cobertura (numero_apolice, id_cobertura, valor_especifico, franquia, percentual_cobertura) VALUES (115.0, 4.0, 11814.06, 1782.21, 87.63);
INSERT INTO apolice_cobertura (numero_apolice, id_cobertura, valor_especifico, franquia, percentual_cobertura) VALUES (115.0, 3.0, 65504.67, 1042.71, 74.54);
INSERT INTO apolice_cobertura (numero_apolice, id_cobertura, valor_especifico, franquia, percentual_cobertura) VALUES (116.0, 5.0, 9234.26, 3494.84, 91.6);
INSERT INTO apolice_cobertura (numero_apolice, id_cobertura, valor_especifico, franquia, percentual_cobertura) VALUES (116.0, 6.0, 7156.74, 2703.3, 94.27);
INSERT INTO apolice_cobertura (numero_apolice, id_cobertura, valor_especifico, franquia, percentual_cobertura) VALUES (116.0, 8.0, 20550.89, 3033.76, 71.15);
INSERT INTO apolice_cobertura (numero_apolice, id_cobertura, valor_especifico, franquia, percentual_cobertura) VALUES (117.0, 6.0, 6213.43, 2417.08, 52.02);
INSERT INTO apolice_cobertura (numero_apolice, id_cobertura, valor_especifico, franquia, percentual_cobertura) VALUES (117.0, 5.0, 22434.14, 2585.86, 61.21);
INSERT INTO apolice_cobertura (numero_apolice, id_cobertura, valor_especifico, franquia, percentual_cobertura) VALUES (117.0, 2.0, 37904.68, 1197.81, 74.77);
INSERT INTO apolice_cobertura (numero_apolice, id_cobertura, valor_especifico, franquia, percentual_cobertura) VALUES (118.0, 2.0, 5258.34, 4106.95, 65.02);
INSERT INTO apolice_cobertura (numero_apolice, id_cobertura, valor_especifico, franquia, percentual_cobertura) VALUES (118.0, 3.0, 98061.73, 3579.41, 65.02);
INSERT INTO apolice_cobertura (numero_apolice, id_cobertura, valor_especifico, franquia, percentual_cobertura) VALUES (118.0, 4.0, 4449.62, 2424.79, 78.43);
INSERT INTO apolice_cobertura (numero_apolice, id_cobertura, valor_especifico, franquia, percentual_cobertura) VALUES (118.0, 6.0, 7617.2, 4627.86, 75.67);
INSERT INTO apolice_cobertura (numero_apolice, id_cobertura, valor_especifico, franquia, percentual_cobertura) VALUES (119.0, 7.0, 62129.78, 3058.15, 62.67);
INSERT INTO apolice_cobertura (numero_apolice, id_cobertura, valor_especifico, franquia, percentual_cobertura) VALUES (119.0, 4.0, 4535.73, 867.96, 75.17);
INSERT INTO apolice_cobertura (numero_apolice, id_cobertura, valor_especifico, franquia, percentual_cobertura) VALUES (119.0, 1.0, 9800.23, 3477.1, 58.98);
INSERT INTO apolice_cobertura (numero_apolice, id_cobertura, valor_especifico, franquia, percentual_cobertura) VALUES (119.0, 8.0, 8476.98, 2268.31, 54.16);
INSERT INTO apolice_cobertura (numero_apolice, id_cobertura, valor_especifico, franquia, percentual_cobertura) VALUES (120.0, 5.0, 48501.04, 2524.77, 90.39);
INSERT INTO apolice_cobertura (numero_apolice, id_cobertura, valor_especifico, franquia, percentual_cobertura) VALUES (120.0, 3.0, 34662.84, 4631.5, 90.5);
INSERT INTO apolice_cobertura (numero_apolice, id_cobertura, valor_especifico, franquia, percentual_cobertura) VALUES (120.0, 8.0, 9661.27, 851.99, 99.11);
INSERT INTO apolice_cobertura (numero_apolice, id_cobertura, valor_especifico, franquia, percentual_cobertura) VALUES (120.0, 4.0, 4597.57, 3530.34, 71.69);
INSERT INTO apolice_cobertura (numero_apolice, id_cobertura, valor_especifico, franquia, percentual_cobertura) VALUES (121.0, 1.0, 10012.08, 1272.81, 73.86);
INSERT INTO apolice_cobertura (numero_apolice, id_cobertura, valor_especifico, franquia, percentual_cobertura) VALUES (121.0, 4.0, 10597.57, 4409.51, 98.29);
INSERT INTO apolice_cobertura (numero_apolice, id_cobertura, valor_especifico, franquia, percentual_cobertura) VALUES (122.0, 8.0, 15802.65, 3532.11, 84.51);
INSERT INTO apolice_cobertura (numero_apolice, id_cobertura, valor_especifico, franquia, percentual_cobertura) VALUES (122.0, 3.0, 39955.14, 1861.95, 56.25);
INSERT INTO apolice_cobertura (numero_apolice, id_cobertura, valor_especifico, franquia, percentual_cobertura) VALUES (122.0, 5.0, 1870.29, 1003.61, 50.79);
INSERT INTO apolice_cobertura (numero_apolice, id_cobertura, valor_especifico, franquia, percentual_cobertura) VALUES (122.0, 6.0, 12655.53, 4365.55, 60.46);
INSERT INTO apolice_cobertura (numero_apolice, id_cobertura, valor_especifico, franquia, percentual_cobertura) VALUES (123.0, 3.0, 84047.98, 4361.85, 76.93);
INSERT INTO apolice_cobertura (numero_apolice, id_cobertura, valor_especifico, franquia, percentual_cobertura) VALUES (123.0, 6.0, 2033.95, 3963.75, 57.41);
INSERT INTO apolice_cobertura (numero_apolice, id_cobertura, valor_especifico, franquia, percentual_cobertura) VALUES (123.0, 2.0, 23687.98, 1024.06, 95.12);
INSERT INTO apolice_cobertura (numero_apolice, id_cobertura, valor_especifico, franquia, percentual_cobertura) VALUES (123.0, 4.0, 11249.26, 2503.7, 74.25);
INSERT INTO apolice_cobertura (numero_apolice, id_cobertura, valor_especifico, franquia, percentual_cobertura) VALUES (124.0, 8.0, 10956.4, 1826.74, 91.47);
INSERT INTO apolice_cobertura (numero_apolice, id_cobertura, valor_especifico, franquia, percentual_cobertura) VALUES (124.0, 5.0, 25569.4, 2002.33, 55.13);
INSERT INTO apolice_cobertura (numero_apolice, id_cobertura, valor_especifico, franquia, percentual_cobertura) VALUES (125.0, 7.0, 56115.76, 2994.37, 64.54);
INSERT INTO apolice_cobertura (numero_apolice, id_cobertura, valor_especifico, franquia, percentual_cobertura) VALUES (125.0, 4.0, 7763.14, 2687.45, 79.55);
INSERT INTO apolice_cobertura (numero_apolice, id_cobertura, valor_especifico, franquia, percentual_cobertura) VALUES (125.0, 8.0, 26092.95, 3554.01, 90.83);
INSERT INTO apolice_cobertura (numero_apolice, id_cobertura, valor_especifico, franquia, percentual_cobertura) VALUES (125.0, 5.0, 31601.04, 3714.31, 76.42);
INSERT INTO apolice_cobertura (numero_apolice, id_cobertura, valor_especifico, franquia, percentual_cobertura) VALUES (126.0, 6.0, 4216.75, 3417.35, 94.46);
INSERT INTO apolice_cobertura (numero_apolice, id_cobertura, valor_especifico, franquia, percentual_cobertura) VALUES (126.0, 5.0, 8334.49, 3302.14, 82.31);
INSERT INTO apolice_cobertura (numero_apolice, id_cobertura, valor_especifico, franquia, percentual_cobertura) VALUES (126.0, 1.0, 35628.07, 2463.04, 58.07);
INSERT INTO apolice_cobertura (numero_apolice, id_cobertura, valor_especifico, franquia, percentual_cobertura) VALUES (127.0, 4.0, 4220.01, 1488.66, 95.45);
INSERT INTO apolice_cobertura (numero_apolice, id_cobertura, valor_especifico, franquia, percentual_cobertura) VALUES (127.0, 8.0, 14917.28, 3209.45, 92.12);
INSERT INTO apolice_cobertura (numero_apolice, id_cobertura, valor_especifico, franquia, percentual_cobertura) VALUES (127.0, 3.0, 65790.07, 1090.21, 64.67);
INSERT INTO apolice_cobertura (numero_apolice, id_cobertura, valor_especifico, franquia, percentual_cobertura) VALUES (127.0, 7.0, 66803.85, 4819.12, 91.65);
INSERT INTO apolice_cobertura (numero_apolice, id_cobertura, valor_especifico, franquia, percentual_cobertura) VALUES (128.0, 6.0, 8468.06, 1771.06, 87.46);
INSERT INTO apolice_cobertura (numero_apolice, id_cobertura, valor_especifico, franquia, percentual_cobertura) VALUES (128.0, 7.0, 62703.4, 1080.93, 59.97);
INSERT INTO apolice_cobertura (numero_apolice, id_cobertura, valor_especifico, franquia, percentual_cobertura) VALUES (128.0, 4.0, 9403.68, 954.07, 70.8);
INSERT INTO apolice_cobertura (numero_apolice, id_cobertura, valor_especifico, franquia, percentual_cobertura) VALUES (128.0, 2.0, 54443.18, 1866.43, 60.47);
INSERT INTO apolice_cobertura (numero_apolice, id_cobertura, valor_especifico, franquia, percentual_cobertura) VALUES (129.0, 1.0, 69040.04, 2106.7, 57.93);
INSERT INTO apolice_cobertura (numero_apolice, id_cobertura, valor_especifico, franquia, percentual_cobertura) VALUES (129.0, 3.0, 82653.38, 4525.06, 51.6);
INSERT INTO apolice_cobertura (numero_apolice, id_cobertura, valor_especifico, franquia, percentual_cobertura) VALUES (130.0, 6.0, 2368.72, 1520.11, 78.1);
INSERT INTO apolice_cobertura (numero_apolice, id_cobertura, valor_especifico, franquia, percentual_cobertura) VALUES (130.0, 4.0, 7747.44, 4971.48, 89.24);
INSERT INTO apolice_cobertura (numero_apolice, id_cobertura, valor_especifico, franquia, percentual_cobertura) VALUES (131.0, 5.0, 54525.51, 4431.63, 80.21);
INSERT INTO apolice_cobertura (numero_apolice, id_cobertura, valor_especifico, franquia, percentual_cobertura) VALUES (131.0, 2.0, 6600.59, 726.9, 97.31);
INSERT INTO apolice_cobertura (numero_apolice, id_cobertura, valor_especifico, franquia, percentual_cobertura) VALUES (132.0, 2.0, 33786.3, 4362.74, 55.09);
INSERT INTO apolice_cobertura (numero_apolice, id_cobertura, valor_especifico, franquia, percentual_cobertura) VALUES (132.0, 1.0, 44444.67, 2782.88, 58.35);
INSERT INTO apolice_cobertura (numero_apolice, id_cobertura, valor_especifico, franquia, percentual_cobertura) VALUES (132.0, 5.0, 8404.65, 1424.24, 68.08);
INSERT INTO apolice_cobertura (numero_apolice, id_cobertura, valor_especifico, franquia, percentual_cobertura) VALUES (133.0, 5.0, 32258.94, 4417.22, 57.71);
INSERT INTO apolice_cobertura (numero_apolice, id_cobertura, valor_especifico, franquia, percentual_cobertura) VALUES (133.0, 6.0, 5368.32, 4186.22, 56.15);
INSERT INTO apolice_cobertura (numero_apolice, id_cobertura, valor_especifico, franquia, percentual_cobertura) VALUES (133.0, 4.0, 3800.86, 4863.37, 88.46);
INSERT INTO apolice_cobertura (numero_apolice, id_cobertura, valor_especifico, franquia, percentual_cobertura) VALUES (133.0, 8.0, 1270.32, 4256.66, 73.68);
INSERT INTO apolice_cobertura (numero_apolice, id_cobertura, valor_especifico, franquia, percentual_cobertura) VALUES (134.0, 3.0, 37730.16, 3896.8, 68.03);
INSERT INTO apolice_cobertura (numero_apolice, id_cobertura, valor_especifico, franquia, percentual_cobertura) VALUES (134.0, 1.0, 52363.37, 1182.25, 87.68);
INSERT INTO apolice_cobertura (numero_apolice, id_cobertura, valor_especifico, franquia, percentual_cobertura) VALUES (134.0, 8.0, 18305.54, 1526.82, 90.09);
INSERT INTO apolice_cobertura (numero_apolice, id_cobertura, valor_especifico, franquia, percentual_cobertura) VALUES (135.0, 7.0, 74501.98, 2127.98, 51.49);
INSERT INTO apolice_cobertura (numero_apolice, id_cobertura, valor_especifico, franquia, percentual_cobertura) VALUES (135.0, 4.0, 3019.72, 544.77, 90.31);
INSERT INTO apolice_cobertura (numero_apolice, id_cobertura, valor_especifico, franquia, percentual_cobertura) VALUES (135.0, 5.0, 60185.01, 881.5, 65.74);
INSERT INTO apolice_cobertura (numero_apolice, id_cobertura, valor_especifico, franquia, percentual_cobertura) VALUES (136.0, 7.0, 37377.53, 666.92, 96.13);
INSERT INTO apolice_cobertura (numero_apolice, id_cobertura, valor_especifico, franquia, percentual_cobertura) VALUES (136.0, 1.0, 12659.34, 3085.51, 98.89);
INSERT INTO apolice_cobertura (numero_apolice, id_cobertura, valor_especifico, franquia, percentual_cobertura) VALUES (137.0, 5.0, 55788.57, 3746.98, 65.68);
INSERT INTO apolice_cobertura (numero_apolice, id_cobertura, valor_especifico, franquia, percentual_cobertura) VALUES (137.0, 4.0, 5774.56, 4221.52, 95.01);
INSERT INTO apolice_cobertura (numero_apolice, id_cobertura, valor_especifico, franquia, percentual_cobertura) VALUES (137.0, 7.0, 57462.71, 1160.88, 70.2);
INSERT INTO apolice_cobertura (numero_apolice, id_cobertura, valor_especifico, franquia, percentual_cobertura) VALUES (137.0, 8.0, 27421.84, 4494.11, 81.22);
INSERT INTO apolice_cobertura (numero_apolice, id_cobertura, valor_especifico, franquia, percentual_cobertura) VALUES (138.0, 8.0, 32818.86, 4464.39, 54.21);
INSERT INTO apolice_cobertura (numero_apolice, id_cobertura, valor_especifico, franquia, percentual_cobertura) VALUES (138.0, 6.0, 7454.35, 2254.97, 85.94);
INSERT INTO apolice_cobertura (numero_apolice, id_cobertura, valor_especifico, franquia, percentual_cobertura) VALUES (138.0, 3.0, 87774.48, 2842.11, 77.04);
INSERT INTO apolice_cobertura (numero_apolice, id_cobertura, valor_especifico, franquia, percentual_cobertura) VALUES (138.0, 4.0, 3965.18, 2802.52, 65.61);
INSERT INTO apolice_cobertura (numero_apolice, id_cobertura, valor_especifico, franquia, percentual_cobertura) VALUES (139.0, 3.0, 88804.45, 2929.7, 62.93);
INSERT INTO apolice_cobertura (numero_apolice, id_cobertura, valor_especifico, franquia, percentual_cobertura) VALUES (139.0, 1.0, 65280.29, 1867.74, 71.14);
INSERT INTO apolice_cobertura (numero_apolice, id_cobertura, valor_especifico, franquia, percentual_cobertura) VALUES (139.0, 7.0, 47738.41, 3793.94, 92.08);
INSERT INTO apolice_cobertura (numero_apolice, id_cobertura, valor_especifico, franquia, percentual_cobertura) VALUES (140.0, 6.0, 10085.96, 4736.04, 72.44);
INSERT INTO apolice_cobertura (numero_apolice, id_cobertura, valor_especifico, franquia, percentual_cobertura) VALUES (140.0, 1.0, 45214.16, 523.46, 66.95);
INSERT INTO apolice_cobertura (numero_apolice, id_cobertura, valor_especifico, franquia, percentual_cobertura) VALUES (140.0, 7.0, 22839.24, 3855.91, 79.08);
INSERT INTO apolice_cobertura (numero_apolice, id_cobertura, valor_especifico, franquia, percentual_cobertura) VALUES (141.0, 4.0, 10252.35, 4167.86, 78.64);
INSERT INTO apolice_cobertura (numero_apolice, id_cobertura, valor_especifico, franquia, percentual_cobertura) VALUES (141.0, 3.0, 14804.17, 2199.5, 86.88);
INSERT INTO apolice_cobertura (numero_apolice, id_cobertura, valor_especifico, franquia, percentual_cobertura) VALUES (141.0, 7.0, 10733.6, 2824.03, 59.63);
INSERT INTO apolice_cobertura (numero_apolice, id_cobertura, valor_especifico, franquia, percentual_cobertura) VALUES (141.0, 6.0, 10350.04, 2544.39, 57.33);
INSERT INTO apolice_cobertura (numero_apolice, id_cobertura, valor_especifico, franquia, percentual_cobertura) VALUES (142.0, 7.0, 6752.98, 4498.29, 73.81);
INSERT INTO apolice_cobertura (numero_apolice, id_cobertura, valor_especifico, franquia, percentual_cobertura) VALUES (142.0, 1.0, 35461.13, 2161.82, 76.31);
INSERT INTO apolice_cobertura (numero_apolice, id_cobertura, valor_especifico, franquia, percentual_cobertura) VALUES (142.0, 8.0, 25138.64, 2835.25, 69.74);
INSERT INTO apolice_cobertura (numero_apolice, id_cobertura, valor_especifico, franquia, percentual_cobertura) VALUES (143.0, 8.0, 41892.25, 3600.58, 97.39);
INSERT INTO apolice_cobertura (numero_apolice, id_cobertura, valor_especifico, franquia, percentual_cobertura) VALUES (143.0, 6.0, 9787.61, 2376.15, 58.14);
INSERT INTO apolice_cobertura (numero_apolice, id_cobertura, valor_especifico, franquia, percentual_cobertura) VALUES (143.0, 4.0, 8016.87, 2681.44, 72.89);
INSERT INTO apolice_cobertura (numero_apolice, id_cobertura, valor_especifico, franquia, percentual_cobertura) VALUES (144.0, 2.0, 26456.29, 3859.23, 97.2);
INSERT INTO apolice_cobertura (numero_apolice, id_cobertura, valor_especifico, franquia, percentual_cobertura) VALUES (144.0, 6.0, 5435.52, 4783.2, 80.08);
INSERT INTO apolice_cobertura (numero_apolice, id_cobertura, valor_especifico, franquia, percentual_cobertura) VALUES (144.0, 8.0, 17767.88, 1043.9, 78.59);
INSERT INTO apolice_cobertura (numero_apolice, id_cobertura, valor_especifico, franquia, percentual_cobertura) VALUES (144.0, 4.0, 1558.84, 1189.87, 68.57);
INSERT INTO apolice_cobertura (numero_apolice, id_cobertura, valor_especifico, franquia, percentual_cobertura) VALUES (145.0, 5.0, 2754.76, 1142.91, 89.19);
INSERT INTO apolice_cobertura (numero_apolice, id_cobertura, valor_especifico, franquia, percentual_cobertura) VALUES (145.0, 3.0, 42594.22, 4715.69, 65.26);
INSERT INTO apolice_cobertura (numero_apolice, id_cobertura, valor_especifico, franquia, percentual_cobertura) VALUES (145.0, 4.0, 4932.81, 1323.85, 86.98);
INSERT INTO apolice_cobertura (numero_apolice, id_cobertura, valor_especifico, franquia, percentual_cobertura) VALUES (146.0, 2.0, 19749.77, 4416.92, 70.88);
INSERT INTO apolice_cobertura (numero_apolice, id_cobertura, valor_especifico, franquia, percentual_cobertura) VALUES (146.0, 5.0, 36942.1, 3045.94, 95.01);
INSERT INTO apolice_cobertura (numero_apolice, id_cobertura, valor_especifico, franquia, percentual_cobertura) VALUES (147.0, 8.0, 35210.53, 1097.64, 56.93);
INSERT INTO apolice_cobertura (numero_apolice, id_cobertura, valor_especifico, franquia, percentual_cobertura) VALUES (147.0, 7.0, 59873.22, 3927.55, 83.36);
INSERT INTO apolice_cobertura (numero_apolice, id_cobertura, valor_especifico, franquia, percentual_cobertura) VALUES (147.0, 6.0, 2789.22, 3775.39, 54.47);
INSERT INTO apolice_cobertura (numero_apolice, id_cobertura, valor_especifico, franquia, percentual_cobertura) VALUES (148.0, 7.0, 32357.65, 706.19, 83.52);
INSERT INTO apolice_cobertura (numero_apolice, id_cobertura, valor_especifico, franquia, percentual_cobertura) VALUES (148.0, 4.0, 7147.16, 1748.19, 54.43);
INSERT INTO apolice_cobertura (numero_apolice, id_cobertura, valor_especifico, franquia, percentual_cobertura) VALUES (148.0, 2.0, 9906.49, 611.62, 81.51);
INSERT INTO apolice_cobertura (numero_apolice, id_cobertura, valor_especifico, franquia, percentual_cobertura) VALUES (148.0, 8.0, 32662.71, 1889.82, 82.26);
INSERT INTO apolice_cobertura (numero_apolice, id_cobertura, valor_especifico, franquia, percentual_cobertura) VALUES (149.0, 2.0, 32022.35, 737.93, 78.51);
INSERT INTO apolice_cobertura (numero_apolice, id_cobertura, valor_especifico, franquia, percentual_cobertura) VALUES (149.0, 8.0, 8771.93, 2641.26, 94.84);
INSERT INTO apolice_cobertura (numero_apolice, id_cobertura, valor_especifico, franquia, percentual_cobertura) VALUES (149.0, 5.0, 8544.13, 4712.82, 58.99);
INSERT INTO apolice_cobertura (numero_apolice, id_cobertura, valor_especifico, franquia, percentual_cobertura) VALUES (149.0, 6.0, 1227.86, 4040.41, 62.26);
INSERT INTO apolice_cobertura (numero_apolice, id_cobertura, valor_especifico, franquia, percentual_cobertura) VALUES (150.0, 8.0, 14149.02, 3150.02, 74.57);
INSERT INTO apolice_cobertura (numero_apolice, id_cobertura, valor_especifico, franquia, percentual_cobertura) VALUES (150.0, 1.0, 73129.27, 2029.8, 59.03);
INSERT INTO apolice_cobertura (numero_apolice, id_cobertura, valor_especifico, franquia, percentual_cobertura) VALUES (150.0, 5.0, 2508.84, 2875.56, 69.1);
INSERT INTO apolice_cobertura (numero_apolice, id_cobertura, valor_especifico, franquia, percentual_cobertura) VALUES (150.0, 6.0, 2093.17, 4909.04, 77.09);
INSERT INTO sinistro_oficina (id_sinistro, cnpj_oficina, valor_orcamento, data_entrada, data_prevista, status_reparo) VALUES (1, 17274704759463, 5391.8, '2023-06-08', '2023-07-07', 'Concluído');
INSERT INTO sinistro_oficina (id_sinistro, cnpj_oficina, valor_orcamento, data_entrada, data_prevista, status_reparo) VALUES (1, 24075329566172, 9290.36, '2024-04-14', '2024-05-10', 'Aguardando peças');
INSERT INTO sinistro_oficina (id_sinistro, cnpj_oficina, valor_orcamento, data_entrada, data_prevista, status_reparo) VALUES (2, 24075329566172, 20107.05, '2022-04-30', '2022-05-14', 'Concluído');
INSERT INTO sinistro_oficina (id_sinistro, cnpj_oficina, valor_orcamento, data_entrada, data_prevista, status_reparo) VALUES (2, 27415103984895, 44757.54, '2022-10-19', '2022-11-06', 'Concluído');
INSERT INTO sinistro_oficina (id_sinistro, cnpj_oficina, valor_orcamento, data_entrada, data_prevista, status_reparo) VALUES (3, 11277214337947, 37854.55, '2023-02-19', '2023-03-03', 'Aguardando peças');
INSERT INTO sinistro_oficina (id_sinistro, cnpj_oficina, valor_orcamento, data_entrada, data_prevista, status_reparo) VALUES (3, 43230883409940, 25922.44, '2023-04-30', '2023-05-20', 'Aguardando peças');
INSERT INTO sinistro_oficina (id_sinistro, cnpj_oficina, valor_orcamento, data_entrada, data_prevista, status_reparo) VALUES (4, 11277214337947, 23776.35, '2022-05-05', '2022-05-20', 'Concluído');
INSERT INTO sinistro_oficina (id_sinistro, cnpj_oficina, valor_orcamento, data_entrada, data_prevista, status_reparo) VALUES (4, 40586572360924, 2416.42, '2022-05-15', '2022-06-04', 'Aguardando peças');
INSERT INTO sinistro_oficina (id_sinistro, cnpj_oficina, valor_orcamento, data_entrada, data_prevista, status_reparo) VALUES (5, 27415103984895, 48210.26, '2023-07-06', '2023-07-28', 'Aguardando peças');
INSERT INTO sinistro_oficina (id_sinistro, cnpj_oficina, valor_orcamento, data_entrada, data_prevista, status_reparo) VALUES (6, 75786363098167, 28844.04, '2022-09-15', '2022-09-29', 'Concluído');
INSERT INTO sinistro_oficina (id_sinistro, cnpj_oficina, valor_orcamento, data_entrada, data_prevista, status_reparo) VALUES (7, 60328680862390, 48427.66, '2023-02-21', '2023-03-23', 'Concluído');
INSERT INTO sinistro_oficina (id_sinistro, cnpj_oficina, valor_orcamento, data_entrada, data_prevista, status_reparo) VALUES (8, 75786363098167, 23135.36, '2024-05-17', '2024-06-08', 'Em andamento');
INSERT INTO sinistro_oficina (id_sinistro, cnpj_oficina, valor_orcamento, data_entrada, data_prevista, status_reparo) VALUES (9, 49892711762522, 3948.58, '2022-12-09', '2022-12-14', 'Concluído');
INSERT INTO sinistro_oficina (id_sinistro, cnpj_oficina, valor_orcamento, data_entrada, data_prevista, status_reparo) VALUES (9, 2512316595577, 13293.56, '2023-07-14', '2023-08-07', 'Aguardando peças');
INSERT INTO sinistro_oficina (id_sinistro, cnpj_oficina, valor_orcamento, data_entrada, data_prevista, status_reparo) VALUES (10, 23798955504128, 3228.75, '2024-11-11', '2024-11-25', 'Aguardando peças');
INSERT INTO sinistro_oficina (id_sinistro, cnpj_oficina, valor_orcamento, data_entrada, data_prevista, status_reparo) VALUES (10, 84163184426113, 4426.83, '2024-12-29', '2025-01-21', 'Em andamento');
INSERT INTO sinistro_oficina (id_sinistro, cnpj_oficina, valor_orcamento, data_entrada, data_prevista, status_reparo) VALUES (11, 11277214337947, 11331.66, '2023-07-27', '2023-08-14', 'Aguardando peças');
INSERT INTO sinistro_oficina (id_sinistro, cnpj_oficina, valor_orcamento, data_entrada, data_prevista, status_reparo) VALUES (11, 17274704759463, 47325.01, '2023-10-14', '2023-11-09', 'Aguardando peças');
INSERT INTO sinistro_oficina (id_sinistro, cnpj_oficina, valor_orcamento, data_entrada, data_prevista, status_reparo) VALUES (12, 22465143136713, 49168.08, '2023-05-19', '2023-06-14', 'Concluído');
INSERT INTO sinistro_oficina (id_sinistro, cnpj_oficina, valor_orcamento, data_entrada, data_prevista, status_reparo) VALUES (12, 40586572360924, 47990.64, '2023-03-08', '2023-03-27', 'Concluído');
INSERT INTO sinistro_oficina (id_sinistro, cnpj_oficina, valor_orcamento, data_entrada, data_prevista, status_reparo) VALUES (13, 17274704759463, 24349.92, '2022-01-05', '2022-01-29', 'Em andamento');
INSERT INTO sinistro_oficina (id_sinistro, cnpj_oficina, valor_orcamento, data_entrada, data_prevista, status_reparo) VALUES (14, 16997504713475, 20246.76, '2024-09-28', '2024-10-27', 'Em andamento');
INSERT INTO sinistro_oficina (id_sinistro, cnpj_oficina, valor_orcamento, data_entrada, data_prevista, status_reparo) VALUES (15, 47063399202399, 22813.66, '2022-03-05', '2022-03-31', 'Em andamento');
INSERT INTO sinistro_oficina (id_sinistro, cnpj_oficina, valor_orcamento, data_entrada, data_prevista, status_reparo) VALUES (16, 53750073848826, 42118.14, '2024-03-03', '2024-03-13', 'Aguardando peças');
INSERT INTO sinistro_oficina (id_sinistro, cnpj_oficina, valor_orcamento, data_entrada, data_prevista, status_reparo) VALUES (16, 23798955504128, 23671.93, '2022-01-18', '2022-01-26', 'Em andamento');
INSERT INTO sinistro_oficina (id_sinistro, cnpj_oficina, valor_orcamento, data_entrada, data_prevista, status_reparo) VALUES (17, 27415103984895, 14775.59, '2022-02-10', '2022-03-11', 'Aguardando peças');
INSERT INTO sinistro_oficina (id_sinistro, cnpj_oficina, valor_orcamento, data_entrada, data_prevista, status_reparo) VALUES (17, 75786363098167, 5408.36, '2024-01-03', '2024-01-14', 'Aguardando peças');
INSERT INTO sinistro_oficina (id_sinistro, cnpj_oficina, valor_orcamento, data_entrada, data_prevista, status_reparo) VALUES (18, 75786363098167, 2803.01, '2024-10-08', '2024-10-24', 'Concluído');
INSERT INTO sinistro_oficina (id_sinistro, cnpj_oficina, valor_orcamento, data_entrada, data_prevista, status_reparo) VALUES (18, 49892711762522, 10608.25, '2023-03-05', '2023-03-10', 'Aguardando peças');
INSERT INTO sinistro_oficina (id_sinistro, cnpj_oficina, valor_orcamento, data_entrada, data_prevista, status_reparo) VALUES (19, 11277214337947, 9353.38, '2024-10-21', '2024-11-10', 'Em andamento');
INSERT INTO sinistro_oficina (id_sinistro, cnpj_oficina, valor_orcamento, data_entrada, data_prevista, status_reparo) VALUES (19, 40586572360924, 29820.06, '2022-12-26', '2023-01-02', 'Aguardando peças');
INSERT INTO sinistro_oficina (id_sinistro, cnpj_oficina, valor_orcamento, data_entrada, data_prevista, status_reparo) VALUES (20, 17274704759463, 42918.47, '2023-06-16', '2023-07-09', 'Aguardando peças');
INSERT INTO sinistro_oficina (id_sinistro, cnpj_oficina, valor_orcamento, data_entrada, data_prevista, status_reparo) VALUES (21, 84163184426113, 13393.13, '2024-12-27', '2025-01-20', 'Aguardando peças');
INSERT INTO sinistro_oficina (id_sinistro, cnpj_oficina, valor_orcamento, data_entrada, data_prevista, status_reparo) VALUES (21, 27415103984895, 46956.63, '2024-07-18', '2024-07-23', 'Aguardando peças');
INSERT INTO sinistro_oficina (id_sinistro, cnpj_oficina, valor_orcamento, data_entrada, data_prevista, status_reparo) VALUES (22, 99598468325357, 14427.74, '2024-06-04', '2024-06-22', 'Aguardando peças');
INSERT INTO sinistro_oficina (id_sinistro, cnpj_oficina, valor_orcamento, data_entrada, data_prevista, status_reparo) VALUES (23, 6140252524716, 3129.77, '2024-11-25', '2024-12-24', 'Aguardando peças');
INSERT INTO sinistro_oficina (id_sinistro, cnpj_oficina, valor_orcamento, data_entrada, data_prevista, status_reparo) VALUES (23, 23798955504128, 14618.72, '2023-04-05', '2023-04-11', 'Concluído');
INSERT INTO sinistro_oficina (id_sinistro, cnpj_oficina, valor_orcamento, data_entrada, data_prevista, status_reparo) VALUES (24, 99598468325357, 17400.58, '2024-03-13', '2024-03-24', 'Aguardando peças');
INSERT INTO sinistro_oficina (id_sinistro, cnpj_oficina, valor_orcamento, data_entrada, data_prevista, status_reparo) VALUES (24, 27415103984895, 12055.77, '2022-02-21', '2022-03-21', 'Aguardando peças');
INSERT INTO sinistro_oficina (id_sinistro, cnpj_oficina, valor_orcamento, data_entrada, data_prevista, status_reparo) VALUES (25, 82065766265210, 17132.01, '2023-02-08', '2023-02-18', 'Em andamento');
INSERT INTO sinistro_oficina (id_sinistro, cnpj_oficina, valor_orcamento, data_entrada, data_prevista, status_reparo) VALUES (25, 75786363098167, 24518.35, '2022-07-18', '2022-07-23', 'Em andamento');
INSERT INTO sinistro_oficina (id_sinistro, cnpj_oficina, valor_orcamento, data_entrada, data_prevista, status_reparo) VALUES (26, 40586572360924, 12679.6, '2022-08-09', '2022-08-29', 'Concluído');
INSERT INTO sinistro_oficina (id_sinistro, cnpj_oficina, valor_orcamento, data_entrada, data_prevista, status_reparo) VALUES (26, 75786363098167, 26464.08, '2022-04-22', '2022-05-07', 'Em andamento');
INSERT INTO sinistro_oficina (id_sinistro, cnpj_oficina, valor_orcamento, data_entrada, data_prevista, status_reparo) VALUES (27, 49892711762522, 5687.87, '2024-06-17', '2024-07-16', 'Concluído');
INSERT INTO sinistro_oficina (id_sinistro, cnpj_oficina, valor_orcamento, data_entrada, data_prevista, status_reparo) VALUES (28, 82065766265210, 19492.36, '2022-05-05', '2022-05-11', 'Aguardando peças');
INSERT INTO sinistro_oficina (id_sinistro, cnpj_oficina, valor_orcamento, data_entrada, data_prevista, status_reparo) VALUES (29, 17274704759463, 22654.0, '2022-05-07', '2022-06-06', 'Concluído');
INSERT INTO sinistro_oficina (id_sinistro, cnpj_oficina, valor_orcamento, data_entrada, data_prevista, status_reparo) VALUES (30, 82065766265210, 3557.95, '2022-04-25', '2022-05-17', 'Concluído');
INSERT INTO sinistro_oficina (id_sinistro, cnpj_oficina, valor_orcamento, data_entrada, data_prevista, status_reparo) VALUES (30, 11277214337947, 31247.8, '2024-04-02', '2024-04-10', 'Concluído');
INSERT INTO sinistro_oficina (id_sinistro, cnpj_oficina, valor_orcamento, data_entrada, data_prevista, status_reparo) VALUES (31, 49892711762522, 19812.08, '2022-01-22', '2022-02-10', 'Concluído');
INSERT INTO sinistro_oficina (id_sinistro, cnpj_oficina, valor_orcamento, data_entrada, data_prevista, status_reparo) VALUES (32, 99598468325357, 26343.43, '2022-02-23', '2022-03-14', 'Aguardando peças');
INSERT INTO sinistro_oficina (id_sinistro, cnpj_oficina, valor_orcamento, data_entrada, data_prevista, status_reparo) VALUES (33, 11277214337947, 30163.58, '2022-07-30', '2022-08-04', 'Em andamento');
INSERT INTO sinistro_oficina (id_sinistro, cnpj_oficina, valor_orcamento, data_entrada, data_prevista, status_reparo) VALUES (34, 43641656216894, 25936.0, '2022-09-16', '2022-10-11', 'Concluído');
INSERT INTO sinistro_oficina (id_sinistro, cnpj_oficina, valor_orcamento, data_entrada, data_prevista, status_reparo) VALUES (35, 6140252524716, 7745.96, '2023-01-16', '2023-01-28', 'Em andamento');
INSERT INTO sinistro_oficina (id_sinistro, cnpj_oficina, valor_orcamento, data_entrada, data_prevista, status_reparo) VALUES (35, 22465143136713, 16271.68, '2022-05-04', '2022-05-13', 'Concluído');
INSERT INTO sinistro_oficina (id_sinistro, cnpj_oficina, valor_orcamento, data_entrada, data_prevista, status_reparo) VALUES (36, 2512316595577, 24006.66, '2022-10-26', '2022-11-04', 'Aguardando peças');
INSERT INTO sinistro_oficina (id_sinistro, cnpj_oficina, valor_orcamento, data_entrada, data_prevista, status_reparo) VALUES (36, 43641656216894, 19072.67, '2023-12-04', '2023-12-18', 'Em andamento');
INSERT INTO sinistro_oficina (id_sinistro, cnpj_oficina, valor_orcamento, data_entrada, data_prevista, status_reparo) VALUES (37, 43230883409940, 41140.01, '2023-05-02', '2023-05-23', 'Aguardando peças');
INSERT INTO sinistro_oficina (id_sinistro, cnpj_oficina, valor_orcamento, data_entrada, data_prevista, status_reparo) VALUES (38, 16997504713475, 48849.03, '2023-12-06', '2023-12-17', 'Aguardando peças');
INSERT INTO sinistro_oficina (id_sinistro, cnpj_oficina, valor_orcamento, data_entrada, data_prevista, status_reparo) VALUES (39, 82065766265210, 33725.15, '2023-12-01', '2023-12-12', 'Aguardando peças');
INSERT INTO sinistro_oficina (id_sinistro, cnpj_oficina, valor_orcamento, data_entrada, data_prevista, status_reparo) VALUES (40, 49892711762522, 15681.95, '2023-11-19', '2023-12-13', 'Concluído');
INSERT INTO sinistro_oficina (id_sinistro, cnpj_oficina, valor_orcamento, data_entrada, data_prevista, status_reparo) VALUES (40, 99598468325357, 23260.8, '2022-11-29', '2022-12-07', 'Em andamento');
INSERT INTO sinistro_oficina (id_sinistro, cnpj_oficina, valor_orcamento, data_entrada, data_prevista, status_reparo) VALUES (41, 75786363098167, 12283.43, '2023-04-02', '2023-04-29', 'Aguardando peças');
INSERT INTO sinistro_oficina (id_sinistro, cnpj_oficina, valor_orcamento, data_entrada, data_prevista, status_reparo) VALUES (41, 27415103984895, 24556.56, '2023-03-13', '2023-03-25', 'Concluído');
INSERT INTO sinistro_oficina (id_sinistro, cnpj_oficina, valor_orcamento, data_entrada, data_prevista, status_reparo) VALUES (42, 84163184426113, 18778.04, '2023-01-13', '2023-01-18', 'Em andamento');
INSERT INTO sinistro_oficina (id_sinistro, cnpj_oficina, valor_orcamento, data_entrada, data_prevista, status_reparo) VALUES (42, 53750073848826, 28179.89, '2024-01-03', '2024-01-08', 'Em andamento');
INSERT INTO sinistro_oficina (id_sinistro, cnpj_oficina, valor_orcamento, data_entrada, data_prevista, status_reparo) VALUES (43, 22465143136713, 48790.15, '2024-01-08', '2024-01-14', 'Em andamento');
INSERT INTO sinistro_oficina (id_sinistro, cnpj_oficina, valor_orcamento, data_entrada, data_prevista, status_reparo) VALUES (43, 84163184426113, 9533.18, '2023-02-10', '2023-02-24', 'Concluído');
INSERT INTO sinistro_oficina (id_sinistro, cnpj_oficina, valor_orcamento, data_entrada, data_prevista, status_reparo) VALUES (44, 99598468325357, 10603.39, '2023-05-19', '2023-05-29', 'Em andamento');
INSERT INTO sinistro_oficina (id_sinistro, cnpj_oficina, valor_orcamento, data_entrada, data_prevista, status_reparo) VALUES (45, 11277214337947, 33088.59, '2022-10-09', '2022-10-26', 'Em andamento');
INSERT INTO sinistro_oficina (id_sinistro, cnpj_oficina, valor_orcamento, data_entrada, data_prevista, status_reparo) VALUES (45, 27415103984895, 15948.55, '2023-11-25', '2023-12-06', 'Em andamento');
INSERT INTO sinistro_oficina (id_sinistro, cnpj_oficina, valor_orcamento, data_entrada, data_prevista, status_reparo) VALUES (46, 23798955504128, 49887.05, '2024-12-15', '2025-01-14', 'Concluído');
INSERT INTO sinistro_oficina (id_sinistro, cnpj_oficina, valor_orcamento, data_entrada, data_prevista, status_reparo) VALUES (46, 24075329566172, 8077.18, '2022-05-14', '2022-05-22', 'Em andamento');
INSERT INTO sinistro_oficina (id_sinistro, cnpj_oficina, valor_orcamento, data_entrada, data_prevista, status_reparo) VALUES (47, 84163184426113, 35023.34, '2024-12-26', '2025-01-12', 'Concluído');
INSERT INTO sinistro_oficina (id_sinistro, cnpj_oficina, valor_orcamento, data_entrada, data_prevista, status_reparo) VALUES (48, 75786363098167, 15414.95, '2023-01-23', '2023-02-14', 'Em andamento');
INSERT INTO sinistro_oficina (id_sinistro, cnpj_oficina, valor_orcamento, data_entrada, data_prevista, status_reparo) VALUES (48, 43230883409940, 3609.69, '2023-11-03', '2023-11-15', 'Concluído');
INSERT INTO sinistro_oficina (id_sinistro, cnpj_oficina, valor_orcamento, data_entrada, data_prevista, status_reparo) VALUES (49, 60328680862390, 36637.63, '2024-09-28', '2024-10-09', 'Concluído');
INSERT INTO sinistro_oficina (id_sinistro, cnpj_oficina, valor_orcamento, data_entrada, data_prevista, status_reparo) VALUES (50, 24075329566172, 37814.09, '2024-11-07', '2024-11-24', 'Aguardando peças');
INSERT INTO sinistro_oficina (id_sinistro, cnpj_oficina, valor_orcamento, data_entrada, data_prevista, status_reparo) VALUES (51, 6140252524716, 16769.33, '2024-08-08', '2024-08-18', 'Concluído');
INSERT INTO sinistro_oficina (id_sinistro, cnpj_oficina, valor_orcamento, data_entrada, data_prevista, status_reparo) VALUES (51, 60328680862390, 24681.56, '2024-12-12', '2025-01-08', 'Concluído');
INSERT INTO sinistro_oficina (id_sinistro, cnpj_oficina, valor_orcamento, data_entrada, data_prevista, status_reparo) VALUES (52, 40586572360924, 46138.08, '2024-04-01', '2024-04-26', 'Aguardando peças');
INSERT INTO sinistro_oficina (id_sinistro, cnpj_oficina, valor_orcamento, data_entrada, data_prevista, status_reparo) VALUES (52, 43641656216894, 11756.79, '2022-03-16', '2022-03-27', 'Em andamento');
INSERT INTO sinistro_oficina (id_sinistro, cnpj_oficina, valor_orcamento, data_entrada, data_prevista, status_reparo) VALUES (53, 75786363098167, 21826.12, '2023-03-24', '2023-04-07', 'Concluído');
INSERT INTO sinistro_oficina (id_sinistro, cnpj_oficina, valor_orcamento, data_entrada, data_prevista, status_reparo) VALUES (53, 53750073848826, 13471.93, '2022-11-18', '2022-12-04', 'Em andamento');
INSERT INTO sinistro_oficina (id_sinistro, cnpj_oficina, valor_orcamento, data_entrada, data_prevista, status_reparo) VALUES (54, 82065766265210, 26422.22, '2023-08-28', '2023-09-16', 'Em andamento');
INSERT INTO sinistro_oficina (id_sinistro, cnpj_oficina, valor_orcamento, data_entrada, data_prevista, status_reparo) VALUES (55, 22465143136713, 17482.33, '2024-11-15', '2024-12-09', 'Concluído');
INSERT INTO sinistro_oficina (id_sinistro, cnpj_oficina, valor_orcamento, data_entrada, data_prevista, status_reparo) VALUES (56, 16997504713475, 25379.61, '2024-01-23', '2024-02-22', 'Concluído');
INSERT INTO sinistro_oficina (id_sinistro, cnpj_oficina, valor_orcamento, data_entrada, data_prevista, status_reparo) VALUES (56, 49892711762522, 9798.72, '2024-02-23', '2024-02-28', 'Em andamento');
INSERT INTO sinistro_oficina (id_sinistro, cnpj_oficina, valor_orcamento, data_entrada, data_prevista, status_reparo) VALUES (57, 82065766265210, 42287.57, '2022-06-18', '2022-07-02', 'Aguardando peças');
INSERT INTO sinistro_oficina (id_sinistro, cnpj_oficina, valor_orcamento, data_entrada, data_prevista, status_reparo) VALUES (57, 23798955504128, 14544.82, '2022-06-10', '2022-07-10', 'Em andamento');
INSERT INTO sinistro_oficina (id_sinistro, cnpj_oficina, valor_orcamento, data_entrada, data_prevista, status_reparo) VALUES (58, 11277214337947, 2875.79, '2022-05-27', '2022-06-12', 'Em andamento');
INSERT INTO sinistro_oficina (id_sinistro, cnpj_oficina, valor_orcamento, data_entrada, data_prevista, status_reparo) VALUES (59, 84163184426113, 37515.36, '2023-05-28', '2023-06-11', 'Aguardando peças');
INSERT INTO sinistro_oficina (id_sinistro, cnpj_oficina, valor_orcamento, data_entrada, data_prevista, status_reparo) VALUES (59, 99598468325357, 35576.49, '2023-07-17', '2023-07-28', 'Em andamento');
INSERT INTO sinistro_oficina (id_sinistro, cnpj_oficina, valor_orcamento, data_entrada, data_prevista, status_reparo) VALUES (60, 27415103984895, 39373.28, '2023-08-01', '2023-08-17', 'Concluído');
INSERT INTO sinistro_oficina (id_sinistro, cnpj_oficina, valor_orcamento, data_entrada, data_prevista, status_reparo) VALUES (60, 2512316595577, 38132.5, '2024-04-10', '2024-05-03', 'Em andamento');
INSERT INTO sinistro_oficina (id_sinistro, cnpj_oficina, valor_orcamento, data_entrada, data_prevista, status_reparo) VALUES (61, 60328680862390, 12119.39, '2024-03-25', '2024-04-06', 'Aguardando peças');
INSERT INTO sinistro_oficina (id_sinistro, cnpj_oficina, valor_orcamento, data_entrada, data_prevista, status_reparo) VALUES (61, 17274704759463, 12452.44, '2023-03-06', '2023-03-26', 'Aguardando peças');
INSERT INTO sinistro_oficina (id_sinistro, cnpj_oficina, valor_orcamento, data_entrada, data_prevista, status_reparo) VALUES (62, 22465143136713, 42444.28, '2022-06-25', '2022-07-10', 'Concluído');
INSERT INTO sinistro_oficina (id_sinistro, cnpj_oficina, valor_orcamento, data_entrada, data_prevista, status_reparo) VALUES (62, 99598468325357, 22495.36, '2024-05-05', '2024-05-16', 'Aguardando peças');
INSERT INTO sinistro_oficina (id_sinistro, cnpj_oficina, valor_orcamento, data_entrada, data_prevista, status_reparo) VALUES (63, 23798955504128, 43813.76, '2022-10-12', '2022-11-04', 'Concluído');
INSERT INTO sinistro_oficina (id_sinistro, cnpj_oficina, valor_orcamento, data_entrada, data_prevista, status_reparo) VALUES (64, 6140252524716, 12049.04, '2023-12-28', '2024-01-12', 'Concluído');
INSERT INTO sinistro_oficina (id_sinistro, cnpj_oficina, valor_orcamento, data_entrada, data_prevista, status_reparo) VALUES (65, 47063399202399, 2138.75, '2023-10-30', '2023-11-22', 'Em andamento');
INSERT INTO sinistro_oficina (id_sinistro, cnpj_oficina, valor_orcamento, data_entrada, data_prevista, status_reparo) VALUES (65, 2512316595577, 48884.92, '2022-10-12', '2022-10-21', 'Concluído');
INSERT INTO sinistro_oficina (id_sinistro, cnpj_oficina, valor_orcamento, data_entrada, data_prevista, status_reparo) VALUES (66, 53750073848826, 27190.04, '2024-03-11', '2024-03-18', 'Em andamento');
INSERT INTO sinistro_oficina (id_sinistro, cnpj_oficina, valor_orcamento, data_entrada, data_prevista, status_reparo) VALUES (66, 84163184426113, 17113.23, '2024-08-30', '2024-09-07', 'Concluído');
INSERT INTO sinistro_oficina (id_sinistro, cnpj_oficina, valor_orcamento, data_entrada, data_prevista, status_reparo) VALUES (67, 82065766265210, 28092.43, '2022-08-02', '2022-08-28', 'Em andamento');
INSERT INTO sinistro_oficina (id_sinistro, cnpj_oficina, valor_orcamento, data_entrada, data_prevista, status_reparo) VALUES (67, 24075329566172, 10147.91, '2024-09-27', '2024-10-02', 'Em andamento');
INSERT INTO sinistro_oficina (id_sinistro, cnpj_oficina, valor_orcamento, data_entrada, data_prevista, status_reparo) VALUES (68, 2512316595577, 33318.92, '2023-04-23', '2023-05-07', 'Em andamento');
INSERT INTO sinistro_oficina (id_sinistro, cnpj_oficina, valor_orcamento, data_entrada, data_prevista, status_reparo) VALUES (68, 84163184426113, 19063.96, '2024-07-20', '2024-07-26', 'Em andamento');
INSERT INTO sinistro_oficina (id_sinistro, cnpj_oficina, valor_orcamento, data_entrada, data_prevista, status_reparo) VALUES (69, 99598468325357, 8694.74, '2024-04-21', '2024-05-08', 'Em andamento');
INSERT INTO sinistro_oficina (id_sinistro, cnpj_oficina, valor_orcamento, data_entrada, data_prevista, status_reparo) VALUES (70, 47063399202399, 37413.99, '2024-05-06', '2024-05-26', 'Concluído');
INSERT INTO sinistro_oficina (id_sinistro, cnpj_oficina, valor_orcamento, data_entrada, data_prevista, status_reparo) VALUES (71, 17274704759463, 22177.83, '2023-02-26', '2023-03-12', 'Aguardando peças');
INSERT INTO sinistro_oficina (id_sinistro, cnpj_oficina, valor_orcamento, data_entrada, data_prevista, status_reparo) VALUES (72, 24075329566172, 10945.67, '2023-09-28', '2023-10-21', 'Aguardando peças');
INSERT INTO sinistro_oficina (id_sinistro, cnpj_oficina, valor_orcamento, data_entrada, data_prevista, status_reparo) VALUES (72, 43641656216894, 10883.43, '2024-07-28', '2024-08-10', 'Em andamento');
INSERT INTO sinistro_oficina (id_sinistro, cnpj_oficina, valor_orcamento, data_entrada, data_prevista, status_reparo) VALUES (73, 82065766265210, 17115.68, '2023-05-21', '2023-06-11', 'Aguardando peças');
INSERT INTO sinistro_oficina (id_sinistro, cnpj_oficina, valor_orcamento, data_entrada, data_prevista, status_reparo) VALUES (73, 53750073848826, 23672.08, '2024-10-02', '2024-10-21', 'Em andamento');
INSERT INTO sinistro_oficina (id_sinistro, cnpj_oficina, valor_orcamento, data_entrada, data_prevista, status_reparo) VALUES (74, 2512316595577, 35315.51, '2024-07-23', '2024-08-08', 'Aguardando peças');
INSERT INTO sinistro_oficina (id_sinistro, cnpj_oficina, valor_orcamento, data_entrada, data_prevista, status_reparo) VALUES (75, 53750073848826, 9799.33, '2024-04-30', '2024-05-12', 'Aguardando peças');
INSERT INTO sinistro_oficina (id_sinistro, cnpj_oficina, valor_orcamento, data_entrada, data_prevista, status_reparo) VALUES (75, 24075329566172, 19848.58, '2024-06-03', '2024-06-22', 'Aguardando peças');
INSERT INTO sinistro_oficina (id_sinistro, cnpj_oficina, valor_orcamento, data_entrada, data_prevista, status_reparo) VALUES (76, 43641656216894, 35233.59, '2022-07-15', '2022-08-01', 'Em andamento');
INSERT INTO sinistro_oficina (id_sinistro, cnpj_oficina, valor_orcamento, data_entrada, data_prevista, status_reparo) VALUES (77, 24075329566172, 27349.14, '2023-07-15', '2023-08-09', 'Aguardando peças');
INSERT INTO sinistro_oficina (id_sinistro, cnpj_oficina, valor_orcamento, data_entrada, data_prevista, status_reparo) VALUES (78, 84163184426113, 49627.1, '2024-10-07', '2024-10-25', 'Aguardando peças');
INSERT INTO sinistro_oficina (id_sinistro, cnpj_oficina, valor_orcamento, data_entrada, data_prevista, status_reparo) VALUES (79, 23798955504128, 6156.0, '2022-06-06', '2022-07-05', 'Concluído');
INSERT INTO sinistro_oficina (id_sinistro, cnpj_oficina, valor_orcamento, data_entrada, data_prevista, status_reparo) VALUES (80, 22465143136713, 25797.16, '2023-06-02', '2023-06-13', 'Concluído');
INSERT INTO sinistro_oficina (id_sinistro, cnpj_oficina, valor_orcamento, data_entrada, data_prevista, status_reparo) VALUES (80, 24075329566172, 32304.46, '2022-02-24', '2022-03-03', 'Aguardando peças');
INSERT INTO sinistro_oficina (id_sinistro, cnpj_oficina, valor_orcamento, data_entrada, data_prevista, status_reparo) VALUES (81, 53750073848826, 20437.04, '2024-03-28', '2024-04-08', 'Em andamento');
INSERT INTO sinistro_oficina (id_sinistro, cnpj_oficina, valor_orcamento, data_entrada, data_prevista, status_reparo) VALUES (81, 99598468325357, 35745.88, '2023-05-29', '2023-06-06', 'Em andamento');
INSERT INTO sinistro_oficina (id_sinistro, cnpj_oficina, valor_orcamento, data_entrada, data_prevista, status_reparo) VALUES (82, 22465143136713, 5044.88, '2024-08-02', '2024-08-09', 'Aguardando peças');
INSERT INTO sinistro_oficina (id_sinistro, cnpj_oficina, valor_orcamento, data_entrada, data_prevista, status_reparo) VALUES (82, 6140252524716, 47550.9, '2023-05-12', '2023-06-08', 'Em andamento');
INSERT INTO sinistro_oficina (id_sinistro, cnpj_oficina, valor_orcamento, data_entrada, data_prevista, status_reparo) VALUES (83, 40586572360924, 30742.44, '2022-12-16', '2022-12-21', 'Em andamento');
INSERT INTO sinistro_oficina (id_sinistro, cnpj_oficina, valor_orcamento, data_entrada, data_prevista, status_reparo) VALUES (83, 24075329566172, 27198.04, '2023-08-26', '2023-09-03', 'Concluído');
INSERT INTO sinistro_oficina (id_sinistro, cnpj_oficina, valor_orcamento, data_entrada, data_prevista, status_reparo) VALUES (84, 82065766265210, 14389.36, '2022-01-23', '2022-02-18', 'Concluído');
INSERT INTO sinistro_oficina (id_sinistro, cnpj_oficina, valor_orcamento, data_entrada, data_prevista, status_reparo) VALUES (85, 24075329566172, 27082.64, '2022-03-12', '2022-04-07', 'Concluído');
INSERT INTO sinistro_oficina (id_sinistro, cnpj_oficina, valor_orcamento, data_entrada, data_prevista, status_reparo) VALUES (85, 84163184426113, 40764.08, '2022-04-08', '2022-05-03', 'Aguardando peças');
INSERT INTO sinistro_oficina (id_sinistro, cnpj_oficina, valor_orcamento, data_entrada, data_prevista, status_reparo) VALUES (86, 53750073848826, 3568.35, '2023-09-24', '2023-10-13', 'Em andamento');
INSERT INTO sinistro_oficina (id_sinistro, cnpj_oficina, valor_orcamento, data_entrada, data_prevista, status_reparo) VALUES (87, 53750073848826, 19357.59, '2023-02-18', '2023-03-02', 'Em andamento');
INSERT INTO sinistro_oficina (id_sinistro, cnpj_oficina, valor_orcamento, data_entrada, data_prevista, status_reparo) VALUES (88, 82065766265210, 2369.26, '2022-02-02', '2022-02-20', 'Em andamento');
INSERT INTO sinistro_oficina (id_sinistro, cnpj_oficina, valor_orcamento, data_entrada, data_prevista, status_reparo) VALUES (89, 84163184426113, 40049.28, '2023-03-28', '2023-04-05', 'Aguardando peças');
INSERT INTO sinistro_oficina (id_sinistro, cnpj_oficina, valor_orcamento, data_entrada, data_prevista, status_reparo) VALUES (89, 82065766265210, 9185.32, '2022-12-10', '2023-01-07', 'Concluído');
INSERT INTO sinistro_oficina (id_sinistro, cnpj_oficina, valor_orcamento, data_entrada, data_prevista, status_reparo) VALUES (90, 99598468325357, 31712.54, '2023-10-23', '2023-11-14', 'Aguardando peças');
INSERT INTO sinistro_oficina (id_sinistro, cnpj_oficina, valor_orcamento, data_entrada, data_prevista, status_reparo) VALUES (91, 47063399202399, 6919.39, '2024-03-20', '2024-04-07', 'Em andamento');
INSERT INTO sinistro_oficina (id_sinistro, cnpj_oficina, valor_orcamento, data_entrada, data_prevista, status_reparo) VALUES (92, 23798955504128, 1734.73, '2023-10-25', '2023-11-04', 'Aguardando peças');
INSERT INTO sinistro_oficina (id_sinistro, cnpj_oficina, valor_orcamento, data_entrada, data_prevista, status_reparo) VALUES (93, 27415103984895, 11784.71, '2023-03-12', '2023-03-31', 'Aguardando peças');
INSERT INTO sinistro_oficina (id_sinistro, cnpj_oficina, valor_orcamento, data_entrada, data_prevista, status_reparo) VALUES (93, 53750073848826, 31571.56, '2023-07-25', '2023-08-19', 'Em andamento');
INSERT INTO sinistro_oficina (id_sinistro, cnpj_oficina, valor_orcamento, data_entrada, data_prevista, status_reparo) VALUES (94, 84163184426113, 38609.71, '2024-04-21', '2024-05-05', 'Concluído');
INSERT INTO sinistro_oficina (id_sinistro, cnpj_oficina, valor_orcamento, data_entrada, data_prevista, status_reparo) VALUES (95, 47063399202399, 47992.7, '2022-12-18', '2022-12-31', 'Aguardando peças');
INSERT INTO sinistro_oficina (id_sinistro, cnpj_oficina, valor_orcamento, data_entrada, data_prevista, status_reparo) VALUES (96, 53750073848826, 32132.32, '2023-11-12', '2023-11-22', 'Aguardando peças');
INSERT INTO sinistro_oficina (id_sinistro, cnpj_oficina, valor_orcamento, data_entrada, data_prevista, status_reparo) VALUES (96, 17274704759463, 24624.39, '2023-10-14', '2023-11-09', 'Concluído');
INSERT INTO sinistro_oficina (id_sinistro, cnpj_oficina, valor_orcamento, data_entrada, data_prevista, status_reparo) VALUES (97, 49892711762522, 26040.28, '2024-07-08', '2024-07-25', 'Aguardando peças');
INSERT INTO sinistro_oficina (id_sinistro, cnpj_oficina, valor_orcamento, data_entrada, data_prevista, status_reparo) VALUES (98, 60328680862390, 2039.46, '2022-01-28', '2022-02-09', 'Em andamento');
INSERT INTO sinistro_oficina (id_sinistro, cnpj_oficina, valor_orcamento, data_entrada, data_prevista, status_reparo) VALUES (99, 75786363098167, 4890.09, '2023-05-14', '2023-06-07', 'Em andamento');
INSERT INTO sinistro_oficina (id_sinistro, cnpj_oficina, valor_orcamento, data_entrada, data_prevista, status_reparo) VALUES (99, 16997504713475, 15534.12, '2024-02-07', '2024-02-27', 'Em andamento');
INSERT INTO sinistro_oficina (id_sinistro, cnpj_oficina, valor_orcamento, data_entrada, data_prevista, status_reparo) VALUES (100, 84163184426113, 30305.68, '2023-05-03', '2023-05-31', 'Concluído');
INSERT INTO sinistro_oficina (id_sinistro, cnpj_oficina, valor_orcamento, data_entrada, data_prevista, status_reparo) VALUES (100, 43230883409940, 14628.2, '2023-11-05', '2023-11-14', 'Aguardando peças');
